track_id	username	track_url	public	title	created_at	genre	isrc	label_name	release	total_current_playcount	duration	territory	artist	publisher	composer	album_title	contains_music	iswc	release_date	signed_url
290495987	rndy	http://soundcloud.com/rndygotgsc/trustme	true	Trust	2016-10-29 03:52:05 UTC					1	192121	AL							2016-10-29 03:52:05 UTC	https://cf-media.sndcdn.com/1sgsMIbW9nZY.128.mp3?Policy=eyJTdGF0ZW1lbnQiOlt7IlJlc291cmNlIjoiKjovL2NmLW1lZGlhLnNuZGNkbi5jb20vMXNnc01JYlc5blpZLjEyOC5tcDMqIiwiQ29uZGl0aW9uIjp7IkRhdGVMZXNzVGhhbiI6eyJBV1M6RXBvY2hUaW1lIjoxNjk1MzkzNzYwfX19XX0_&Signature=LSIz5upqZLNIXwnVKh7mkZePa8nr~ousXqGM4HnrDlxlv~dDpLUpEuPoETzAkf~FNEUNtTRZ55c5Wzud1pLMm3sdBatz9yyYEIdDXNv3YCQkHY4cEpyilAjoiKNDZE-u9~otwx8Gw8HGondmOGeJVpNpRzJZ7XpOra54Ca6wQ1g2p4a4HNE3LWVbpGsuHS6G8NXUKGALGvPG2gFyjfLqqkT1Y3qi6DPHlCwOnvGSMPqDDfwLLygtO7JblUPkpIX8P3tlZfH7hDsLBTBTacfwvdE4xIL-eLJVNu7e48dyDeIP3RBT8f8ozeHbvuL0GYJLhH67TuFHQLQlUuJwFbuMEA__&Key-Pair-Id=APKAI6TU7MMXM5DG6EPQ
280610080	Psymbionic	http://soundcloud.com/psymbionic/psymbionic-esseks-static	true	Psymbionic & Esseks - Static	2016-08-30 17:19:55 UTC					1	245730	AL							2016-08-30 17:19:55 UTC	https://cf-media.sndcdn.com/06a0ULUVZgYv.128.mp3?Policy=eyJTdGF0ZW1lbnQiOlt7IlJlc291cmNlIjoiKjovL2NmLW1lZGlhLnNuZGNkbi5jb20vMDZhMFVMVVZaZ1l2LjEyOC5tcDMqIiwiQ29uZGl0aW9uIjp7IkRhdGVMZXNzVGhhbiI6eyJBV1M6RXBvY2hUaW1lIjoxNjk1Mzk2NTY3fX19XX0_&Signature=N383XdcBB-OmjBtOefFR8WaYeQb23yaozet3kBIQqey4j2thqamxmTpjeyAdvqBUD0dR0PoG4CNJlOoHeyanaiaMqHh8Jmn~mYvFP5t4IubiaIgCfx3V1xbDSdv2IPi5xPvklE3E-~M8r1tmyLogRQICzC2Kg0nweq5~CCoB-c410ndUWPTuAu~xGrQz~YlBxpHeaEPNtB0q1UfOTwTIAIclL3UlZ6WCb55bp-DgLRD9n~DtYbeEtyv~x9yftfHhot0mpWWo2BkdJHmM6Dw6kN9jKNWb4TU0VeyJhiexychXGgiqwFojGh2T6dOimjC4-TjHHd6EbtEwnoqWcYGCtg__&Key-Pair-Id=APKAI6TU7MMXM5DG6EPQ
935900773	Couch King Presents	http://soundcloud.com/couch-king-presents/chris-o-belial-pelegrim-janine-levinson-jon-lock-calebass-russ-ckp-wind-blows-wicked	true	Chris O, Belial Pelegrim, Janine Levinson, Jon Lock, Calebass, Russ & CKP - Wind Blows Wicked	2020-11-25 16:26:58 UTC		QZNRS2013969	Music Is Elation		2	266240	AT	Couch King	Music Is Elation			true		2020-11-25 16:26:58 UTC	https://cf-media.sndcdn.com/bJCK86qcaVY1.128.mp3?Policy=eyJTdGF0ZW1lbnQiOlt7IlJlc291cmNlIjoiKjovL2NmLW1lZGlhLnNuZGNkbi5jb20vYkpDSzg2cWNhVlkxLjEyOC5tcDMqIiwiQ29uZGl0aW9uIjp7IkRhdGVMZXNzVGhhbiI6eyJBV1M6RXBvY2hUaW1lIjoxNjk1NDAwNjc3fX19XX0_&Signature=XiV0ofXo4p8S8mFP~DoatAFa2tHWONu9njjitL1QinRRZnfrUXnu80BgN7VpAEQRHx1YxEyx0gL-Cn8MxIifXD6ufS10lpU9VhI2Uf46bFXT5LYIMq0SpmlQyur0JAGCU-cxYxvjMOggPh~N2hlQTO1gBGoGFfBcdMNqTlM8S9zanlMfmdRhwJWtuD0TsouN6NJsC1qncC7ldFgh2FJc0uPbtq20kIh7LMHMAsTzgDcKimay3i0myDXl8IxsZOb7CrxzWHiaVojQmWjfvQc4JdXNQS2x1QmEffe8jCQUg4eDxJWXgZTG1AA-iIOLQ03ST-OePf9esqxDdBtxyHfdUg__&Key-Pair-Id=APKAI6TU7MMXM5DG6EPQ
292211847	degiheugi	http://soundcloud.com/degiheugi/chinese-man-pills-for-your-ills-degiheugi-remix-stars-music-contest	true	Chinese Man - Pills For Your Ills - Degiheugi Remix - Star's Music Contest	2016-11-09 09:58:34 UTC					118	254951	AT							2016-11-09 09:58:34 UTC	https://cf-media.sndcdn.com/71cQcUUpVAEZ.128.mp3?Policy=eyJTdGF0ZW1lbnQiOlt7IlJlc291cmNlIjoiKjovL2NmLW1lZGlhLnNuZGNkbi5jb20vNzFjUWNVVXBWQUVaLjEyOC5tcDMqIiwiQ29uZGl0aW9uIjp7IkRhdGVMZXNzVGhhbiI6eyJBV1M6RXBvY2hUaW1lIjoxNjk1Mzk5MTE3fX19XX0_&Signature=IXXRfUA96ERjwggx5OL7uyFDoaHRYfsxAGoT8ncLL0vYM88spOmmHb9wiPwavRSImkCEaKqtiNSCl39PjpIYxBLKMYP1cBAUha7DxJ9p8L-wsUJJ4bbCOPElzmnn88517H6ZTIX~bAgq931~BNsMlqLNtNGzqBMhfsB03MbpYBZZwgVJChZ0dr~C3ED6ssRAx~mpzey5Q0NQ-qeqpElxckKoq3983JTx8umv7ygpDBEctYmzskG2cGzKBXbkYSDkNmittnUmIDmqakLS~h5vd3vT2knYitYOzWCUt2oru8F2XGSlNrBCiu~SVKielqyHlxLruHCK0U~fM5YU81Q44w__&Key-Pair-Id=APKAI6TU7MMXM5DG6EPQ
1233056086	seraphim	http://soundcloud.com/emoangelz/fuckthawrldfreerkelly	false	seraphim x *67 - kill me slow	2022-03-16 02:34:24 UTC					8	0	AT					true		2022-03-16 03:04:30 UTC	https://cf-media.sndcdn.com/hI4gCVAu2b5c.128.mp3?Policy=eyJTdGF0ZW1lbnQiOlt7IlJlc291cmNlIjoiKjovL2NmLW1lZGlhLnNuZGNkbi5jb20vaEk0Z0NWQXUyYjVjLjEyOC5tcDMqIiwiQ29uZGl0aW9uIjp7IkRhdGVMZXNzVGhhbiI6eyJBV1M6RXBvY2hUaW1lIjoxNjk1Mzk0OTM2fX19XX0_&Signature=H8DgbKdnDcv644FpTjYux1cv4ffrrRQMacURKDBKYTcsGQpUHT5fodNKhjxrAkM2AwdeRFBFzDydEzzBzYIClITHXxf3~Fj2DRuQDZlKdOq-Tu48qrJVlRiMnXpu73jRazbaBQIdLMU1ClKlZu0wStbLJWt-J1EzqS9gliM~1-Ecvx4811WGvItPE3dfpm5I5quT86xA6qf2sWVuYBw4qOXi0uW-oBUphacqyzACl99zZXqUIjl4LIx7ObdVlcsN14ahj935N8Q9mjQcdaPG2YfZDBE7nqLCznf4W9tQ~JJJ0PhyRckRjHR29nQK7pRGU5wnjZjIuRxrbBX0E1SWTA__&Key-Pair-Id=APKAI6TU7MMXM5DG6EPQ
292687691	Dashed	http://soundcloud.com/dasheddnb/dashed-riddim-free-download	true	DASHED - RIDDIM [FREE DOWNLOAD]	2016-11-12 13:04:40 UTC					2	281469	AT							2016-11-12 13:04:40 UTC	https://cf-media.sndcdn.com/pLMjsmZep6up.128.mp3?Policy=eyJTdGF0ZW1lbnQiOlt7IlJlc291cmNlIjoiKjovL2NmLW1lZGlhLnNuZGNkbi5jb20vcExNanNtWmVwNnVwLjEyOC5tcDMqIiwiQ29uZGl0aW9uIjp7IkRhdGVMZXNzVGhhbiI6eyJBV1M6RXBvY2hUaW1lIjoxNjk1Mzk2MjA2fX19XX0_&Signature=b-lfDWgAu-4fPwsGS3YLKGWUVTHsnPsGRnDM0pSFqgAbNkPuvaQA8i8bdHvLAbgkDH-wmn~t5sOvxEGIMcFHVCUVK5yW9zbiOPKwjXIrxbAtFQ~lJTo5whHpSI7QL08eBP0KbKG90OZax5Pt0f2r4iuIE~nyZFavdL2Yc5-twurBKj7PwCcf-BQLO-Rbx~ASvUz4RlHFaUjVBMSjdYFsBp3qNcO7gwU~4-00tH8IEmeLWU3tI7xmKMQfq8blexenP4s1oRaLcjMEDPUmph0nuXjWwVN2ZWzuR4N3ffIUokPfHDhlo-LexusO0Xq-SnLzbND7G8C6BcR6kUZZUGQgCg__&Key-Pair-Id=APKAI6TU7MMXM5DG6EPQ
290323383	MICAHTHEMENACE	http://soundcloud.com/micahthemenace/thouxanbanfauni-how-im-rockin	true	THOUXANBANFAUNI - HOW I'M ROCKIN (MICAHTHEMENACE)	2016-10-28 00:53:41 UTC					5	199228	AT							2016-10-28 00:53:41 UTC	https://cf-media.sndcdn.com/pKRvMXLSL0rd.128.mp3?Policy=eyJTdGF0ZW1lbnQiOlt7IlJlc291cmNlIjoiKjovL2NmLW1lZGlhLnNuZGNkbi5jb20vcEtSdk1YTFNMMHJkLjEyOC5tcDMqIiwiQ29uZGl0aW9uIjp7IkRhdGVMZXNzVGhhbiI6eyJBV1M6RXBvY2hUaW1lIjoxNjk1Mzk4ODQyfX19XX0_&Signature=ZDtm9z8ofmV8r-UPPUuz1lyXmqPibQ8d~0UrKOZI6CpBkV0wlFBbHAfItaXKn5iTKZtig~WV5pPSZ7o90U7n9z0lFzovlmOV7WfRf0IdHFSTylSAzbBtOFIRjVLAlxL-YGuB-JcSOXx-IwcymeJ5O6IkIYMxy-i94kL3lJUScfP7upt82U9JMIEIa1iV6jhmylDC5o8yVnnVp~UGlHPqcwKF1fQMgkTUtu~Q7Mog3hGA9oUFNXGGTRpma3F-Klg96xbRudEX2bC8QQ9Xe8FHtEKAoLBrzsByLjarjukt8AT0sf8BYOcgITk5PRZC-XzbU0UfGx1QmX~0e~mLfZaImw__&Key-Pair-Id=APKAI6TU7MMXM5DG6EPQ
288946177	Sweet Music	http://soundcloud.com/sweetmusicofc/free-dl-kotu-nasser-autonomy	true	FREE DOWNLOAD : Kotu & Nasser - Autonomy	2016-10-19 06:59:26 UTC					3	474270	BE							2016-10-19 06:59:26 UTC	https://cf-media.sndcdn.com/urLFq5RlPoIr.128.mp3?Policy=eyJTdGF0ZW1lbnQiOlt7IlJlc291cmNlIjoiKjovL2NmLW1lZGlhLnNuZGNkbi5jb20vdXJMRnE1UmxQb0lyLjEyOC5tcDMqIiwiQ29uZGl0aW9uIjp7IkRhdGVMZXNzVGhhbiI6eyJBV1M6RXBvY2hUaW1lIjoxNjk1NDAxNDk2fX19XX0_&Signature=YGVdqrzJFhAjl6f9CKKrVE1d-5cVQmmuZEG9dNhMJPV8cIum5XZRfxfx15JJ4uTIZP0fmA7FeXh~2bgSjrCYLcnJPjHHcTBU2XDBAFp1TrxSEFtHYQ7dv7haYPMpL5Yyu-m2kjDxVIOZfk~aUHur6hHYLQWJWj4OM6Y0CrYv3wma9S46qTLrhcfDDmykVguLKUjMYCUdS76ZNsYU~l3QzYvzGZmIwINM-BsVDU0HuXDtV9-PB0RrgwC5tm049CtobikF~pSlgndfJ7HFfPraUq7Py2yC0Fx5r7x4SOIUNfTkxtcG2ADoPHYzAbNWuIfW6U-1Il0kW~TcHKk7lBkTlg__&Key-Pair-Id=APKAI6TU7MMXM5DG6EPQ
710093047	Francis Inferno Orchestra	http://soundcloud.com/fio/hardcore-positive-episode-1-dublab	true	Hardcore Positive ~ Episode 1 - dublab LA	2019-11-09 03:50:37 UTC					1	7011971	BE	Francis Inferno Orchestra			dublab.com	true		2019-11-09 03:50:37 UTC	https://cf-media.sndcdn.com/ptDiTkEkt8dY.128.mp3?Policy=eyJTdGF0ZW1lbnQiOlt7IlJlc291cmNlIjoiKjovL2NmLW1lZGlhLnNuZGNkbi5jb20vcHREaVRrRWt0OGRZLjEyOC5tcDMqIiwiQ29uZGl0aW9uIjp7IkRhdGVMZXNzVGhhbiI6eyJBV1M6RXBvY2hUaW1lIjoxNjk1Mzk4MjQ2fX19XX0_&Signature=NoTDYCaU83qchS9hL-oJVSc-FWL0npKTsovv-WtbTprzfbJa6gVmglcHjY64jxDbTpm9NsCTXVnnSodCpDmGI~77L5Vd6XFIeTIA~IzLRG6wfHKbtBt91ld7d3mSh~1O64cD5uEhmPHMik3e2HLD6sxjHuWcl0rkowjhf~AIK5f4Ml8sv4j7K8oNTUHn7OZpUo-iQojlx24yddoq93jwh31ZNe4OIN3uknXXoNzPL2HvpUrwtsOkojnniTpdMxFcvZ6mbnrFu6ulWPMxSWtgx~yBD7PusCO8CO1lQAHH6Pf~m6FsxitV0NCcDFwmwOFL6DFxawQ8uWT1SuBjJgZ9jw__&Key-Pair-Id=APKAI6TU7MMXM5DG6EPQ
267009252	Filthy Habits	http://soundcloud.com/filthyhabitsdnb/fluxy-dosed-up-filthy-habits-remix-out-now-on-digital-101	true	Fluxy - Dosed Up (Filthy Habits Remix) OUT NOW ON DIGITAL 101	2016-06-01 21:31:17 UTC		QZHPJ1982977			4	72652	BE	FILTHY HABITS				true		2016-06-01 21:31:17 UTC	https://cf-media.sndcdn.com/iMyst1paFiz7.128.mp3?Policy=eyJTdGF0ZW1lbnQiOlt7IlJlc291cmNlIjoiKjovL2NmLW1lZGlhLnNuZGNkbi5jb20vaU15c3QxcGFGaXo3LjEyOC5tcDMqIiwiQ29uZGl0aW9uIjp7IkRhdGVMZXNzVGhhbiI6eyJBV1M6RXBvY2hUaW1lIjoxNjk1Mzk0NTQzfX19XX0_&Signature=FlYwSK9GOikTrSbI41aqGP~8G0rdj0l8lfHolDd29n2DifjBdTzop9WixwPOF2~I9mRNePQNy75pA67jgTyqCMqR1TrK8CnNE-URQerGx~OyhZvaoEQw5QfDvo8VTVo6xX-FBN5iy0M2h3DjQsjuvTGF4cyXvM~YFTw7hBgti5jTOrIpETvIVV3Hs4ROooVNUxOUmddUey1YZaRj~8z5q7MPw7oO03pUhwvpfYBw5arHU2pCE1SSBu-km7WOaO2LNG250ItaCSsP~0oPHXt32nwxC7OcU2bKoSxAefYteqJF0rQ-R5zxMpbNrhCefDF-jqQDDbROtO~lP9~G86Y78g__&Key-Pair-Id=APKAI6TU7MMXM5DG6EPQ
268878214	AOWL	http://soundcloud.com/aowlsound/aowl-twisted	true	AOWL - TWISTED	2016-06-13 14:22:34 UTC					5	144130	BE							2016-06-13 14:22:34 UTC	https://cf-media.sndcdn.com/tUBasn5bkWn7.128.mp3?Policy=eyJTdGF0ZW1lbnQiOlt7IlJlc291cmNlIjoiKjovL2NmLW1lZGlhLnNuZGNkbi5jb20vdFVCYXNuNWJrV243LjEyOC5tcDMqIiwiQ29uZGl0aW9uIjp7IkRhdGVMZXNzVGhhbiI6eyJBV1M6RXBvY2hUaW1lIjoxNjk1NDAxMDg4fX19XX0_&Signature=TaYLFUktBhjSxWq~DXxawm3OTzOhRH4N5vGhw0Fm0KTam-VVI0HTjSBE9MleRVF6kh7~MgffjSE5PSOjGAkqFy9sZd-eQzh3Hk-VUlHOfBb9bLv1zuKxNvgQYmmGZNDRYcba1zoUUd6tDAKhuz8ZxLZs-88RIzLmuRAsfkRi8D1kg9EHqdCX4Ocl2vqmM9pSsQ~ZS1j5lRo4msS4LboJYGGcXCxXrBfWA9KB1oZUHWojOEJG6wURSHWUak1vGC3mcH6jTP7xz~qTdKCtV13a5FylCcc5qDIhf1miP2Rjr5d3S95QM7G7Zr8H91x1T8HMabcKo8HrJJa0VkAd819vzw__&Key-Pair-Id=APKAI6TU7MMXM5DG6EPQ
313868762	Gr√©gory madeinhv	http://soundcloud.com/gregory-madeinhv/souviens-toi	true	Souviens-toi	2017-03-22 17:28:27 UTC					34	189039	BE	Djadja & Dinaz			Dans l'ar√®ne			2017-03-22 17:28:27 UTC	https://cf-media.sndcdn.com/2L7Iu5qlqJ7y.128.mp3?Policy=eyJTdGF0ZW1lbnQiOlt7IlJlc291cmNlIjoiKjovL2NmLW1lZGlhLnNuZGNkbi5jb20vMkw3SXU1cWxxSjd5LjEyOC5tcDMqIiwiQ29uZGl0aW9uIjp7IkRhdGVMZXNzVGhhbiI6eyJBV1M6RXBvY2hUaW1lIjoxNjk1Mzk1MzQzfX19XX0_&Signature=J3CcgXckP1FpFTTUPd4Qry7ISbwt8nqabd5P~-iIptOmvRCg-BtoThIBGSgQwYM2DUqVaSbW~dm0Fh10SvmmRloXfmvTjAcpYIiIIY-YlSIl80iarqi4xxzk6lBJ7tllaPIr1ZR6fjMMbmezST5oz70kMq9Dvvqb0zySMJna8NdKpNIIAiLyzd3QCOyfXhO0VdRQ1dTK6BhTm-Rp4afJNSi3zxzbdY5FrhDlb1gzBtjSD3b7MtZuB3hMoKySMYz2mdJFzP19RcS7mGpgqdzlJ2ex47olpcxh9H7EPaYTkaJWL4icl33KQXxdkHmt3h0mRFFMKmDGKo~PUi4pY3YXig__&Key-Pair-Id=APKAI6TU7MMXM5DG6EPQ
673708232	Mario Giovanoli aka mcjoe	http://soundcloud.com/user-116959556/03-a-break	true	03 A Break	2019-08-31 14:48:49 UTC					1	371286	CH					true		2019-09-02 09:28:11 UTC	https://cf-media.sndcdn.com/kQaMCcqi9M7P.128.mp3?Policy=eyJTdGF0ZW1lbnQiOlt7IlJlc291cmNlIjoiKjovL2NmLW1lZGlhLnNuZGNkbi5jb20va1FhTUNjcWk5TTdQLjEyOC5tcDMqIiwiQ29uZGl0aW9uIjp7IkRhdGVMZXNzVGhhbiI6eyJBV1M6RXBvY2hUaW1lIjoxNjk1Mzk1Mzg4fX19XX0_&Signature=amxDDQsNDF4TjWjmtLph-fSfNZr~Pe7qou-Jze84oEWpXBZgNCE2dfGKUuSWawK4tO~Ltz0G5uwS-Jyx0nWBcY7y6BEKA5EMRGix0lzVKTEJ7SnLMmVBQRKn6uD6vLj8zj-nr2lt5zf4FQNk36mq0XV~P5xr1nKwNz61TzskU--4Wzz79tnwjSY12SLrfwrWvHLfXjF6od7S-TcoTYoCxbXbGsifBjhT5SiMaIdj2jkH5-Jf8nwKR14Hg6TdkCsbj3aidOwhhol8tr6Z2X6~ioqbAx3Jld8sHKcUIaJ~XGjxmuq7HQUDGkSIe0CVgyTYkOTAbGTD6rXuKCfCVw3mZg__&Key-Pair-Id=APKAI6TU7MMXM5DG6EPQ
1126214971	Evdokim	http://soundcloud.com/evdokim/the-girl-demo	false	The Girl Demo	2021-09-17 08:16:13 UTC					4	0	CH					true			https://cf-media.sndcdn.com/1rrsBWsgC9XY.128.mp3?Policy=eyJTdGF0ZW1lbnQiOlt7IlJlc291cmNlIjoiKjovL2NmLW1lZGlhLnNuZGNkbi5jb20vMXJyc0JXc2dDOVhZLjEyOC5tcDMqIiwiQ29uZGl0aW9uIjp7IkRhdGVMZXNzVGhhbiI6eyJBV1M6RXBvY2hUaW1lIjoxNjk1Mzk1OTYyfX19XX0_&Signature=B8HuX2EQK9h8SP5M~EAWgE6hTnZ-PKYo~rMjvbMWin1QR9SRos0lcZcTP~5EdHoszj8ncqDayJeja1ykCiLu-USV-i2c-PqAvca2lHnJO-j1DKMff4ddmAvlCZUVPoSTcktpvtE31P6Xj2DO~hPHfTVB4grR2Rb7l9rWqSff0n130c9Z~mP78gXLEwCNJ5SDG48rZ25ilTaAnLoFuUQq0gJbolx3yw9XLUUi7juUnVmsjaPBm7JxHguXm6wOQhnf1eAk0mnODLS5bF57VD8rCFsKsTbN23cbKlWvCrH7ncfdWsHoSLp32AoLWyTs4VhTRtD0RD8S7OfUmtfA3nLX7g__&Key-Pair-Id=APKAI6TU7MMXM5DG6EPQ
1051398934	AMATEUR EXOTIC	http://soundcloud.com/amateur-exotic/heiko-gogolin-amateur-exotics-moon-hunger	true	HEIKO GOGOLIN - AMATEUR EXOTIC'S MOON HUNGER	2021-05-19 10:00:13 UTC					4	4091011	CH					true		2021-05-19 10:00:13 UTC	https://cf-media.sndcdn.com/EGmnyuDUxiH8.128.mp3?Policy=eyJTdGF0ZW1lbnQiOlt7IlJlc291cmNlIjoiKjovL2NmLW1lZGlhLnNuZGNkbi5jb20vRUdtbnl1RFV4aUg4LjEyOC5tcDMqIiwiQ29uZGl0aW9uIjp7IkRhdGVMZXNzVGhhbiI6eyJBV1M6RXBvY2hUaW1lIjoxNjk1Mzk3MjMyfX19XX0_&Signature=b7Ayvo6ZTz2c5rzk0De5lR5RrTYPk3nW1hHncYjCIywQb-jdOXo1FTnj4AvcX1yGy8RFOqrXk5xrp11K95qPA~gvwRrepwu7vggOKhf484Z0JNhv1V0cGiKF1TtJwOTIZIiteU4JnIAQk5Xv2d8ex6VYl1SsHyXbcb6J24xQn6yajNWSDkSX-zBjmskd~lQEvC6mEVVYLsAbRF2KQj1LVWb~V2OhXJD2PjC7FQody17rZAGWzpDkivr-j~6LNNnORAx6eTeZVs37oqH1UC3oAjRX98~qUcxFX83A-Ezn9dXmsFGTJLWeBt81O4xanvVRSCFUyuFZwKIi~tgKxFNP0w__&Key-Pair-Id=APKAI6TU7MMXM5DG6EPQ
307725350	Vince	http://soundcloud.com/vince_dj_83/after-party-home-sunday-12-february	true	After Party @ Home Sunday 12 February	2017-02-14 18:00:08 UTC					1	2098141	CH							2017-02-14 18:00:08 UTC	https://cf-media.sndcdn.com/Iw6DTjsjEcOu.128.mp3?Policy=eyJTdGF0ZW1lbnQiOlt7IlJlc291cmNlIjoiKjovL2NmLW1lZGlhLnNuZGNkbi5jb20vSXc2RFRqc2pFY091LjEyOC5tcDMqIiwiQ29uZGl0aW9uIjp7IkRhdGVMZXNzVGhhbiI6eyJBV1M6RXBvY2hUaW1lIjoxNjk1Mzk4NTY4fX19XX0_&Signature=d6jasH6QkcVCEcbtC08fQBGOIG~7qdbAsfXb9BqVHPSc0t~AgvHUs7bMae~MTLRqD6ByXBBJcMXK8l3NwSreOoY22P14SD7xahrsFBo2ER0L0IY9Atyqn9Q~LQmeDzvHU3NxS0mmCVNeNXuSo95-qJiVaLmVKXiPsS3cNNFCHtTxbWkibG1Ci0kMwbyNh2hg4zi9y4r7-6PwRGrm61csXaDHvwhOT1lZEdtKjAxLc0e81dUyrNSidpN3ZC8NJuC9Ih3~YqbSn-xdFk6ulPn4iG-Nt10rGtgncRNLcXZzzvj0KwThbZ3iX95MX7o-9~BhiPpnd-5XpNcUItm0CW07uQ__&Key-Pair-Id=APKAI6TU7MMXM5DG6EPQ
291996554	rils	http://soundcloud.com/rilsrils/versace-versace	true	versace versace	2016-11-08 00:04:31 UTC		QZ67L1687314			1	81927	CH		rilsbeatz@gmail.com			true		2016-11-08 00:04:31 UTC	https://cf-media.sndcdn.com/IpGZvRn9cpqp.128.mp3?Policy=eyJTdGF0ZW1lbnQiOlt7IlJlc291cmNlIjoiKjovL2NmLW1lZGlhLnNuZGNkbi5jb20vSXBHWnZSbjljcHFwLjEyOC5tcDMqIiwiQ29uZGl0aW9uIjp7IkRhdGVMZXNzVGhhbiI6eyJBV1M6RXBvY2hUaW1lIjoxNjk1NDAyMTIxfX19XX0_&Signature=JrgekQ43SgXPCJA50~jdzq99OfpRtXGqx~ihPfgsNJ8yJylZiqzPY8kWGZAF30Tqul7kOKsW9FVjSd2r1vn1QCef55Yhy1rXq9nWxqRDaNAuNZ7DpqqNX4oBeY6VdbeIsDcfeSa4PrLDh~sYWiFZYh4B~XrtAUCCr4NrHQ404PRNEk~ECig2sGxdZE8m7UopXK52p0Y-k17iZMGBUjIgMCjsCip6Dpk9t6Ye9cRTB~l9gWVLe1TV5vEdyVEqAbhwi5meI1pMJuqsnyrWsCa1Jmaji4~fLCD7jShIEOqPmdgzBpwKVqO5vnDsAlGn8uGOJLrKF7TiFyy-dOlS3tA96g__&Key-Pair-Id=APKAI6TU7MMXM5DG6EPQ
1276154719	RIM Label	http://soundcloud.com/rimlabel/dario-nunez-javi-palmero-all-about-the-music	true	Dario Nunez & Javi Palmero - All About The Music	2022-05-27 08:52:55 UTC		UKR6V2290624	RIM		1	179096	CH	Dario Nunez & Javi Palmero	CLIPPERS S.L			true		2022-05-27 08:52:55 UTC	https://cf-media.sndcdn.com/Bt1pTpbQsCP1.128.mp3?Policy=eyJTdGF0ZW1lbnQiOlt7IlJlc291cmNlIjoiKjovL2NmLW1lZGlhLnNuZGNkbi5jb20vQnQxcFRwYlFzQ1AxLjEyOC5tcDMqIiwiQ29uZGl0aW9uIjp7IkRhdGVMZXNzVGhhbiI6eyJBV1M6RXBvY2hUaW1lIjoxNjk1Mzk2NjUwfX19XX0_&Signature=RbDGHOMRwQhHwA~mVnttrYNmxcIj~n2vG6vhD1lxW~mKp5U0fGwK7FsAb-c3uzBTdtXMJrqXMGFgaPemgajEybrjRqlpQ3N1Z9kfOx5FfE61LlN27valUoA-Dg6x4DltHRPWgC1R0ocI10mHq2slLpw28Y907uY3Qc0Y3ix2PC2aIQ~6YVT99Nin7I-MsJ6DGmJrwuWH2HYgRWZ9pVOYch6hq~6ZLkdtltSoMQfmpUADGgNhl6SxprxbY-EJWjlJ6XkjgH7hZlDjnUuLg45yg1HMSF2XeT4H4vBKNG2IRuBxKsIf90IGbjhkWNkwCXIIEGwbbnrutrzIXqzXQEO8mg__&Key-Pair-Id=APKAI6TU7MMXM5DG6EPQ
290637841	Nxghtcorist Scout	http://soundcloud.com/melodysnipecore/nightcore-fennel-seed-native-faith-stblackst	true	Nightcore - Fennel Seed - Native Faith (STBlackST)	2016-10-30 10:09:59 UTC					5	231910	CZ							2016-10-30 10:09:59 UTC	https://cf-media.sndcdn.com/Kdpo2RotOMZU.128.mp3?Policy=eyJTdGF0ZW1lbnQiOlt7IlJlc291cmNlIjoiKjovL2NmLW1lZGlhLnNuZGNkbi5jb20vS2RwbzJSb3RPTVpVLjEyOC5tcDMqIiwiQ29uZGl0aW9uIjp7IkRhdGVMZXNzVGhhbiI6eyJBV1M6RXBvY2hUaW1lIjoxNjk1Mzk3MzQxfX19XX0_&Signature=QgzV5ob41-PBrzl0rRstAJbuhdD-qtmXGqPHWCY~edOs5sQ5m4ObN9diD4pn0v0gpVKkFFR~KDbECdEX4tGRXq10B-WWS7Lt902ltKDSxVjrxq8bGxHU211~uSedTJ1zaLuP9WhKMKVGTyX0faOLTmpEDbwMHJKqKLnJ4HnnSu01qqA8RSCfXpbsaIasvVzKcrHulbWKlUOl9PqE0r0I9PYiCeoBGzX32wzfSszslNVjVGmX~FuHwYXXC6A2LHsShz5ueK8KfInd6h7urET7SLErw2cE1DYiFfezyieWtQidcE-GE3eNEEt~naDANaqAgbhOKZBRJ7cBprgaVRtY5g__&Key-Pair-Id=APKAI6TU7MMXM5DG6EPQ
935845447	rekordorkestr	http://soundcloud.com/rekordorkestr/dushanbe	true	–ü–µ—Å–Ω—è –æ –î—É—à–∞–Ω–±–µ (live)	2020-11-25 14:42:26 UTC					1	149029	CZ					true		2020-11-25 14:42:26 UTC	https://cf-media.sndcdn.com/R3OEclc8Ynt5.128.mp3?Policy=eyJTdGF0ZW1lbnQiOlt7IlJlc291cmNlIjoiKjovL2NmLW1lZGlhLnNuZGNkbi5jb20vUjNPRWNsYzhZbnQ1LjEyOC5tcDMqIiwiQ29uZGl0aW9uIjp7IkRhdGVMZXNzVGhhbiI6eyJBV1M6RXBvY2hUaW1lIjoxNjk1NDAxMDA5fX19XX0_&Signature=av2JZs9z9gbWH49Bn-iIgmGtTcru1ivCfbpoFwiC3uW~on9k8FlAH~dsHCUSn94yUWn6C2H7fAIVM5-KGQnjggtEeHhYSqGLL194HyyiX7dRRpa0e2CNGCddG0nYvzFRy0l1qbA4mnrAQgWgBrlywgL3GyaD4KivscMM4IMpKuSIrPWUphpJzEVbpyJsZwz4AxVVr1tZA-aI0Puirz2wUqkpdtiMzX6fiXGSHew-QjjduiRCjSOsvSeLsDSgW6cHkohxoxPmYDL1a1IOvkbGszD1sXBdf9gO6EQl1D9aYSWvekTfWNwPZpDb3f4CwzLHWdm2y8Tg~J8jUuazHoY9Ig__&Key-Pair-Id=APKAI6TU7MMXM5DG6EPQ
313895340	jxckkeenan	http://soundcloud.com/jxckkeenan/symphony-bouncy	true	Symphony	2017-03-22 18:52:57 UTC					39	152125	CZ							2017-03-22 18:52:57 UTC	https://cf-media.sndcdn.com/jnBmPxRLoro0.128.mp3?Policy=eyJTdGF0ZW1lbnQiOlt7IlJlc291cmNlIjoiKjovL2NmLW1lZGlhLnNuZGNkbi5jb20vam5CbVB4Ukxvcm8wLjEyOC5tcDMqIiwiQ29uZGl0aW9uIjp7IkRhdGVMZXNzVGhhbiI6eyJBV1M6RXBvY2hUaW1lIjoxNjk1NDAwOTA4fX19XX0_&Signature=GPNcfW~vH8BEcuS5~5nDfQJZtwVu5kWDRPFKQnw-XJ2wqbSU4xNduDoy~xcPzCnmNaO0cpAIqM6eullOKfsfT-E3qPi58bVLdFb~l5SFuwVIIXyMXLgd6PVWy8-p0pcr6qrAn6kKz6lhBRUEJBshtwOP3hwlr2V~ffvDtzxaNAhJ0M5Uu1mmqlfS9D8v5bJXX6dCOgRJMa6MQDoUv2qhCX1Ixb19cvP6tEBzTiLMpMh5njiF2LL6RnK0-gdnDwEII5~hiRasAUj4HH0SA5ClqJ9TvgxvsUuaQhg7jIbHOqbmLxHBcCVocznKJVFsjxvsGNU7lpxDSfz6Zx4Y-maiXA__&Key-Pair-Id=APKAI6TU7MMXM5DG6EPQ
1046241520	Jfizzle	http://soundcloud.com/user-615408282/playboi-carti-shoota-rocket-full-version-feat-lil-uzi-vert-all-verses-included-up-pitch	true	Playboi Carti - Shoota + Rocket (Full Version) (feat. Lil Uzi Vert ) (All Verses Included) Up Pitch	2021-05-10 16:52:57 UTC					1	232046	CZ					true		2021-05-10 16:52:57 UTC	https://cf-media.sndcdn.com/Fa2tTIU14UJg.128.mp3?Policy=eyJTdGF0ZW1lbnQiOlt7IlJlc291cmNlIjoiKjovL2NmLW1lZGlhLnNuZGNkbi5jb20vRmEydFRJVTE0VUpnLjEyOC5tcDMqIiwiQ29uZGl0aW9uIjp7IkRhdGVMZXNzVGhhbiI6eyJBV1M6RXBvY2hUaW1lIjoxNjk1NDAwMTUyfX19XX0_&Signature=SANhS21ShZ6kOlcJEgF9GAsEyy3GREzO5z3NFukP~rwvSfdCjhS~gIhYYi~TDknCP9U534F1VRG~WSUGYWjD1Lg1XScjoVms5ce75wZI-58LLtTarhBp3Kkhz0suEvinFDHwxlWVzVB9B3SdRD9Tr1JhKdIYXhOFDNylgth9IJDxb9Gq~cn-ehAUMtOSyx5JwukAV6HInP3YL9fm4HnjdoAjEINZ2PvwJezf5SEs5O0cysdRQoaDA5b3qIIUFczq6ph2FX0EKaQtqEP5y0yUrvppj40Z1VFP4V1uwaBeVT4GgTgS-Jy9OhXmp5g-Ll1vSv4YTEMacRTcWIEWjqiu4g__&Key-Pair-Id=APKAI6TU7MMXM5DG6EPQ
195141335	TheSorryEntertainer	http://soundcloud.com/thesorryentertainers/11-moonshiner	true	Moonshiner	2015-03-10 08:26:17 UTC		QZF8N2169893	""	""	1	274832	CZ	The Sorry Entertainer						2015-03-10 08:26:17 UTC	https://cf-media.sndcdn.com/uNYl6C6nwizc.128.mp3?Policy=eyJTdGF0ZW1lbnQiOlt7IlJlc291cmNlIjoiKjovL2NmLW1lZGlhLnNuZGNkbi5jb20vdU5ZbDZDNm53aXpjLjEyOC5tcDMqIiwiQ29uZGl0aW9uIjp7IkRhdGVMZXNzVGhhbiI6eyJBV1M6RXBvY2hUaW1lIjoxNjk1Mzk0MjU2fX19XX0_&Signature=dVF4F-RZvvzNJofN6LtorO0juJN0yHT5VyYg1CRbj8aKE6LL-lcn1Qe-HN2IlLnIN57clV-6EW4EO~o3C7zhfTB2HBSlGz7v6rQewYxY2OTaefCVgDq9I4GoO8jUCuRKqZ73JcvImoXjqhKD~65~Qi-VnWESZrKkyb0OaBw0dXBiLDmu8SKpPdNtAPGHwmXSWI5AzjGxuEPVTFnNpEWPufxQ-bhrYbeKZtBrgNMjoIg0xOQFUmgg8MDfAoc4cHCpdNFvgEJwqkoYWr1sxIgJIj4QoZLspReyiM~7t57~Jl25R47bhDJ4RRE0LLofTzhB8YGKR~OtZPQNUXwpFeaoFA__&Key-Pair-Id=APKAI6TU7MMXM5DG6EPQ
577447026	Saint Manticore	http://soundcloud.com/gears-of-titans-brother/battle-bears-gold-soundtrack-abusement-park	true	Battle Bears Gold Soundtrack - Abusement Park	2019-02-18 18:33:04 UTC					1	168139	DE					true		2019-02-18 18:33:04 UTC	https://cf-media.sndcdn.com/GxaHXvCUbwmp.128.mp3?Policy=eyJTdGF0ZW1lbnQiOlt7IlJlc291cmNlIjoiKjovL2NmLW1lZGlhLnNuZGNkbi5jb20vR3hhSFh2Q1Vid21wLjEyOC5tcDMqIiwiQ29uZGl0aW9uIjp7IkRhdGVMZXNzVGhhbiI6eyJBV1M6RXBvY2hUaW1lIjoxNjk1Mzk5OTE0fX19XX0_&Signature=FdIUb5ueq6-o~F55lr-xGzKmym61ChZakRqGphqRmSEAveMoD0W5URd70H0RrqhfqHuaSTMMXxzWTU1YTqUZDmy38tNzeCRXVXTr-h0yZ3dRDFDeLDpnYE4SWZYsQO5k7igKENy4ffPWUtT7k3eFQ-fy7Ypcgbf9~PivzT7bbs7ggMXWW5oPpnP8zZ5nQJdEyx2xeTAvobxSY39FFYeHk7RVX1pqpng7vOiMjTbtvxrY2gCZ-UVQeRpIKqSOM8-8hPViwYuEHL227UMVErOdvjxwQiU2PFO~VulUbZcic52CL71~yV7bzK3bNFQgDVD7f7wVQApS4utxHlCHZNtBDw__&Key-Pair-Id=APKAI6TU7MMXM5DG6EPQ
588532161	Abel Hdez A.	http://soundcloud.com/blazmiuz1/jaguar-tek-premaster-205-bpm	true	Jaguar Tek - PreMaster 205 bpm	2019-03-11 19:57:53 UTC					1	234861	DE					true		2019-03-11 19:57:53 UTC	https://cf-media.sndcdn.com/DLpVHWuOIemp.128.mp3?Policy=eyJTdGF0ZW1lbnQiOlt7IlJlc291cmNlIjoiKjovL2NmLW1lZGlhLnNuZGNkbi5jb20vRExwVkhXdU9JZW1wLjEyOC5tcDMqIiwiQ29uZGl0aW9uIjp7IkRhdGVMZXNzVGhhbiI6eyJBV1M6RXBvY2hUaW1lIjoxNjk1NDAyNTU2fX19XX0_&Signature=Xuj3kctZP-XjplUVyMvKuW6wQOpUpaXtuJ~FrcnxQ3yg54RbUiwyH4kqYfqpVrnJHhnBzdd37Kj1ec2Ojwept2Sw75OgApvE2dhatFcbwx-abw~49ZLXYqfjROuPX7eJNSxz368oH-~odIp9xwZvmXNMpmqWhQxPi9Xk7MWhbXs7e9TZmT1i5SnJkXKM7mR0YUpAqNQbwOxHduabrhqL257wXby9XQZqwzMI4N7KmtD4zB6pbRin5fhVHOLkprB~Gx6eQmXbXVQnd9dO-fx8J3lIskaZEiPC67fqM8ml1XtgaP3pYZmIqYmffcRX5avDmg4aC01o7H4p~uUv-dqTtA__&Key-Pair-Id=APKAI6TU7MMXM5DG6EPQ
853527847	PLüëπ	http://soundcloud.com/prettylou2k/final-pipe	true	PL - Mecces (prod.Emreh)	2020-07-07 07:45:03 UTC					792	136647	DE					true		2020-07-07 08:00:42 UTC	https://cf-media.sndcdn.com/0n00UtnPTBJ8.128.mp3?Policy=eyJTdGF0ZW1lbnQiOlt7IlJlc291cmNlIjoiKjovL2NmLW1lZGlhLnNuZGNkbi5jb20vMG4wMFV0blBUQko4LjEyOC5tcDMqIiwiQ29uZGl0aW9uIjp7IkRhdGVMZXNzVGhhbiI6eyJBV1M6RXBvY2hUaW1lIjoxNjk1Mzk1MDUzfX19XX0_&Signature=OquH9rzoWjOe~uT-WNdA9Csr352ErgpUkTSMjbgbd1bN7wWBLpMmvUJukR0~M0brHwgxt1r~XCMcxcMtZplglXrqzSjkxatAe88GHvQds9wopqz9EDAN58IMhZVsbUmqXRTyFOiGFQo7-R2~99DsinwshlEiGSZ8cnqvkSfW0FsI~6Uapm5EBu1MyiFTIbYmF2mV92Wl5ZZtxHRnh28p2KaF53-3DPSC4t18V2jQESUYwnAZy8BT6t4Yx0p27Zh7IiadzMbdAmeYt~4iOgUIGmw3c70kmcOeg1UWMMuBStiQPN2KvVTozk2GszpuI~D6TusfKeSGvO~ErZm7Hjvl7A__&Key-Pair-Id=APKAI6TU7MMXM5DG6EPQ
1276094989	Andrea Hanheide	http://soundcloud.com/ahanheide/lektion-147-mein-geist-birgt-nur-was-ich-mit-gott-denke-wh-lektion-133-und-134	true	Lektion 147 Mein Geist birgt nur, was ich mit GOTT denke. WH Lektion 133 und 134.	2022-05-27 06:16:57 UTC					1	504294	DE					true		2022-05-27 06:16:57 UTC	https://cf-media.sndcdn.com/fdlpzVXStD9H.128.mp3?Policy=eyJTdGF0ZW1lbnQiOlt7IlJlc291cmNlIjoiKjovL2NmLW1lZGlhLnNuZGNkbi5jb20vZmRscHpWWFN0RDlILjEyOC5tcDMqIiwiQ29uZGl0aW9uIjp7IkRhdGVMZXNzVGhhbiI6eyJBV1M6RXBvY2hUaW1lIjoxNjk1NDAwMzgyfX19XX0_&Signature=foJDEnOtdQUMQ8yZuckZB-gNOoY9Zq5kVbkTpfKdWgZfGGEER8qbek1hejnIK6hJXffGvPoYxPIowzT114z4G2w5zvzk5TCEOcmnnhDtGcbUfCpbvJ2ph8oGodgJYnQPAi4vMY4qDphyzEW48YGkwio-DDKm8E10qbp3hvOIVDQajsUWujCY1U8ZrejaHkI4Q0VrKB2eRMzVMeb51kNplevsrDVIjoqAL~kI1SMGpJXci2JBSJdk46FnshzbPgKMO95aFURJ89oBCrPN4DPpRUixYs6YIRgvA63c46ccvL9d651TjUm8dp61bMDA1fB0x70CYk5H~8Vf2-ymws67YQ__&Key-Pair-Id=APKAI6TU7MMXM5DG6EPQ
371919626	bicflame	http://soundcloud.com/bicflame/bluefrostlaptop	true	BLUE FROST LAPTOP	2017-12-20 00:53:29 UTC					2	104656	DE	Bic Flame	Kickflip Studio			true		2017-12-20 02:09:28 UTC	https://cf-media.sndcdn.com/OY3LLTwygtWP.128.mp3?Policy=eyJTdGF0ZW1lbnQiOlt7IlJlc291cmNlIjoiKjovL2NmLW1lZGlhLnNuZGNkbi5jb20vT1kzTExUd3lndFdQLjEyOC5tcDMqIiwiQ29uZGl0aW9uIjp7IkRhdGVMZXNzVGhhbiI6eyJBV1M6RXBvY2hUaW1lIjoxNjk1Mzk4NzAzfX19XX0_&Signature=OnbEbsDLdLmdM4G9mISxKWVjLonihwRqNiTUCEWJVCONoQOGeyygmI48oEFvTrpcktdSHW9V6a1yzBZvoohpeeS3OBh5UWmxCXGrzT6a7bivJyAk6bKyXQq9v8MGYqs7mu1HyHu3XgNgQ8vK3D-13-a7yZh6ZkdYau-0JTCIuP-vSmOsmAhsI~bBat8ISCJPD9C8xMVQtcSvS3iDyNQ9cZaBPgZ5Lp22DXD38sZoH4lWB3Hjb2eWMHSHb9Ez5OGFQD1JEf82yFZnTv2EYYUG5ASxFlDzun~0pFpPsfGxgxxoS-cuQublKUigc7qI2cQTjly2cDEd1P9IZTuKDKAZ-w__&Key-Pair-Id=APKAI6TU7MMXM5DG6EPQ
935901925	String Between Us	http://soundcloud.com/user-234492191/strings-between-us	false	Strings Between Us	2020-11-25 16:29:00 UTC					1	280216	DE					true			https://cf-media.sndcdn.com/8Ew31HgFjucJ.128.mp3?Policy=eyJTdGF0ZW1lbnQiOlt7IlJlc291cmNlIjoiKjovL2NmLW1lZGlhLnNuZGNkbi5jb20vOEV3MzFIZ0ZqdWNKLjEyOC5tcDMqIiwiQ29uZGl0aW9uIjp7IkRhdGVMZXNzVGhhbiI6eyJBV1M6RXBvY2hUaW1lIjoxNjk1NDAxNjg1fX19XX0_&Signature=JlxCoxSExpDn~U6HjMGX~iH108YxQZotbe2T2DL6kvMQCwdgcC38nuXod71XbXVVOGq27LjDgeNIaguOd8pgk5RfEDG2wjNBepO6twvkHhcIhMWYG~dARA~FdQaTn8jPw395fb5WnY6qWd0KSMiRk2tJB8GzbiZ8P35N1X7YBbPyINPM8D64zB4l4s5LzFjGAiy2Ydu9zQYSlfqNryLjEHHcsCj4qnhrkcIuRc6tcdN2rd5~KXPntf8ACXPgThUojqezyLFjcBwchg00EzT1BpWILwfVsBez8iK492OROfvmFgzBZU6bFnLITUmjFJwwhvX7RZQi6UuNAMikWsXD3A__&Key-Pair-Id=APKAI6TU7MMXM5DG6EPQ
764239525	Move&Prove International	http://soundcloud.com/move-prove-international/enoire-moveprove-xii-official-mixtapeset	true	E.Noire ‚Äì Move&Prove XII Official Mixtape(set)	2020-02-21 10:33:30 UTC					1	6427350	DE					true		2020-02-21 10:33:30 UTC	https://cf-media.sndcdn.com/Rhs0Bejwfltp.128.mp3?Policy=eyJTdGF0ZW1lbnQiOlt7IlJlc291cmNlIjoiKjovL2NmLW1lZGlhLnNuZGNkbi5jb20vUmhzMEJlandmbHRwLjEyOC5tcDMqIiwiQ29uZGl0aW9uIjp7IkRhdGVMZXNzVGhhbiI6eyJBV1M6RXBvY2hUaW1lIjoxNjk1Mzk1MTc5fX19XX0_&Signature=Hw0L3KI5Oh1fVddJqnwluqArJxGA6cSSlwwFPn7GyO~xH-iCzbAP91fQY3zC5qgb0VuovG6nX78TXWnK-nRuzFFqLwuMqX2UsuddHr1G03EQbiZpFrDWVBK~VDrvvlAWrLdkKCsUvcajUUPEEwwUCgxGLtefyCCJ8xLv9dv59ajWAKemt-WYR9h9f2qAoa5tVNrP3xi34gQunrf6KlpVohhGjg2LNWVXdETb~H-toehIiyoavR7h1ag7C1wHDEJQe5ho5HWLdBwRNzAQ~xOASq6BtQTNyxazYGDtq0HRq4uXVoOnsYnBJb2eScY7~FWHKhnsRzuo19CGrCJSbZ50tw__&Key-Pair-Id=APKAI6TU7MMXM5DG6EPQ
577935825	Boris Berezin	http://soundcloud.com/user-603283248/bg_sokol	true	–ê–∫–≤–∞—Ä–∏—É–º - –°–æ–∫–æ–ª	2019-02-19 16:10:17 UTC					2	128299	DE	√Ä√™√¢√†√∞√®√≥√¨			√ã√Æ√∏√†√§√º √Å√•√´√†√ø	true		2019-02-19 16:10:17 UTC	https://cf-media.sndcdn.com/qyXjcmiwvnMp.128.mp3?Policy=eyJTdGF0ZW1lbnQiOlt7IlJlc291cmNlIjoiKjovL2NmLW1lZGlhLnNuZGNkbi5jb20vcXlYamNtaXd2bk1wLjEyOC5tcDMqIiwiQ29uZGl0aW9uIjp7IkRhdGVMZXNzVGhhbiI6eyJBV1M6RXBvY2hUaW1lIjoxNjk1NDAxNTAzfX19XX0_&Signature=DHNGvg5IKFY~KzXJdHo~gkdSs9FWz6-z8UuEeuaqH3cxout~M0utFKW1SGzHurH~Jo2cDfpn526DInLu0N-wamFKrq8wRgMfNr3TTlOEJy4p79hOVGF4JUoxfcEqqgvc4avnp9ktc1oU1LZmTTkSYbe6L8JMkk2AqpiXDIEc~3dCTMWMSgAREEVAfkRqCu6raEYZdGoxVJFFRLetZ5q4Kxkq~F~RM-kDpCK8EVyn5PgXmO2g~9gSwHQVEf5zrn5lHh3nimbrjbwSssg3xK5lWqdMqLV9oRuv-WyX00mP~z79GDMyM4nFUutz-ZkhO9bMgth~okR3Ew1Z1qFUGe~L~w__&Key-Pair-Id=APKAI6TU7MMXM5DG6EPQ
1048800202	Groove Garden	http://soundcloud.com/groove-garden-1/le-cabanon-plage	true	Le Cabanon Plage	2021-05-14 16:53:28 UTC					12	4018808	DE	PIONEER DJ REC				true		2021-05-14 16:53:28 UTC	https://cf-media.sndcdn.com/e0cYbBLAn7Vw.128.mp3?Policy=eyJTdGF0ZW1lbnQiOlt7IlJlc291cmNlIjoiKjovL2NmLW1lZGlhLnNuZGNkbi5jb20vZTBjWWJCTEFuN1Z3LjEyOC5tcDMqIiwiQ29uZGl0aW9uIjp7IkRhdGVMZXNzVGhhbiI6eyJBV1M6RXBvY2hUaW1lIjoxNjk1Mzk3MTQ5fX19XX0_&Signature=FgBcFYx4dnmJR8OOFgLGtdQ7bysOSBANb0P7t48KePhXLnIOAVc~fPXpL~0dpD7mac3xWPqRiyhccoInRztnIqiX9VljRETz3E-qcqYu8BP1j-HHpejFQeQdAQ6EKYyCMw~fQ2naZjhPE6~a~v2ekkO59DjW4YIOBrhRJIsCdj5hIjhq7iHJ1Zk4eizFlh8UyxPZxLqDqToVSTwQX4MW0VkdMfon-wTh1FkgL-wtV4s3TRrnsSUXiuQqvuJD-lRe1yJxV-4AqSWHqkBoyd01K5rhGZXzDnnMDKHLm56HHIjuY3hNt9OhqK6VmLxYeLXDYPdPlhZVGelAP8PtOl-s4Q__&Key-Pair-Id=APKAI6TU7MMXM5DG6EPQ
291580640	TeamSESH	http://soundcloud.com/teamsesh/bones-filenotfound	true	Bones - FileNotFound (Prod. by Grayera & Drew The Architect)	2016-11-05 03:06:35 UTC		CA5KR1568020			108	167956	DE	BONES	Create Music Publishing		SoftwareUpdate1.0	true		2016-11-05 04:00:37 UTC	https://cf-media.sndcdn.com/c2GHuiVpcwwV.128.mp3?Policy=eyJTdGF0ZW1lbnQiOlt7IlJlc291cmNlIjoiKjovL2NmLW1lZGlhLnNuZGNkbi5jb20vYzJHSHVpVnBjd3dWLjEyOC5tcDMqIiwiQ29uZGl0aW9uIjp7IkRhdGVMZXNzVGhhbiI6eyJBV1M6RXBvY2hUaW1lIjoxNjk1Mzk3NjU5fX19XX0_&Signature=UKHubSDJsowY0psYq3JpSPKtaRGu35WkLNzFuS9j0Su1J71FIrMBYcTjDtTYUg4WtO6ZhPY19AG4LJyDsevVxs-ID-1NMIvFNTjeXdxu3MGEnyG3wefWFMykoWPTuwiBkidv2a1bAwr--cv95bwBprJ35hwmJxxdwPnh9eeYwueVCrVkfgNbX-ZtfPJfzUiH4BCktOmlyuxNUhHeRGw4fpUY2DOANNOVM~74VwZSceFBOW4z7tPObmzZjF40muDEGiOOf3JOFOCJLKVjQOqg3-XfXAKAsbz0FDIdJYA0lEFEipj2zgWpsR8wXVw2DsnvvNbBfDNjL35xHeG9lBXBxQ__&Key-Pair-Id=APKAI6TU7MMXM5DG6EPQ
935920870	ThunderboltAtomic	http://soundcloud.com/user-709577089/demons-souls-origins-demons-souls-ost	true	Demon's Souls Remake OST ~ Origins	2020-11-25 17:04:50 UTC					38	150100	DE	Original Soundtrack				true		2020-11-25 17:04:50 UTC	https://cf-media.sndcdn.com/jkXUdwJ0Nh4B.128.mp3?Policy=eyJTdGF0ZW1lbnQiOlt7IlJlc291cmNlIjoiKjovL2NmLW1lZGlhLnNuZGNkbi5jb20vamtYVWR3SjBOaDRCLjEyOC5tcDMqIiwiQ29uZGl0aW9uIjp7IkRhdGVMZXNzVGhhbiI6eyJBV1M6RXBvY2hUaW1lIjoxNjk1Mzk5MDExfX19XX0_&Signature=NtGzjsqfN1QlBEQ04-knTPDG-bbtIMgwqAmOeo~KAqQnKUhWIxENB6ADH2RQj1zLNtKQ5UVl-3g3e2QNMT8QAYHGKbHIWIPQ7kHMqRTZpribgKBFzIoY2YcdZgQK-xzAqKfzA~UXOxO-5S1rRxGhwMtJnpxWmFXpjD4R9A2I5Kk2vtHQ-K5s~2bBjKeIFe4LlC2QWiOyCaX6LLbdJTwMi9j-dUsyMlW-Fv6BSb3exSoRqM-lxok-9fXLtf7h9AlzIukQiGC7P4dZiCGO3Ol1K7jyL5tHztMNDP6TFa0RdfM4FHVwZth1JhaN4Yux7rmAjEs1UeaKh9UDgPKwXuaoRQ__&Key-Pair-Id=APKAI6TU7MMXM5DG6EPQ
748031749	NUDE	http://soundcloud.com/nudetechno/003-rocky-valente	true	003. Rocky Valente	2020-01-23 06:44:20 UTC					4	5151974	DE	Rocky Valente				true		2020-01-23 06:44:20 UTC	https://cf-media.sndcdn.com/uJNm6gLB4lms.128.mp3?Policy=eyJTdGF0ZW1lbnQiOlt7IlJlc291cmNlIjoiKjovL2NmLW1lZGlhLnNuZGNkbi5jb20vdUpObTZnTEI0bG1zLjEyOC5tcDMqIiwiQ29uZGl0aW9uIjp7IkRhdGVMZXNzVGhhbiI6eyJBV1M6RXBvY2hUaW1lIjoxNjk1Mzk2OTYxfX19XX0_&Signature=fkBAZMykg9Kn6gwFWBgnfs1N7eOGBH9Xv7lRm8Hd2RFpv1FpszYXewUu7K0ExQxn6sqVn-pQcJrti4mtVLHbFSY0tPe5JUFlNXmzl1kjTlAbXJvPez7zRJ6efmfZfVExZtobOe7MwOWklUjPe1rNcRhfxE6gGhLo9UIhaQ67j8gbBHKBOcLqYrFlNKVPLfPI4lTYahcLjytHW9z7ZuDWZkO-fzQ-l2v2QuwxmQbVMnhN1oGUptnZrCVAJXQyOpNRtXcpj~g9TmYdD-VS10jUWIipRKte6EMSTgrioBZelCP~SmS1xv3kjSuxba34GoNCz389lM~0uOc1yMvT0yMs5Q__&Key-Pair-Id=APKAI6TU7MMXM5DG6EPQ
576435150	TFS SKATERR	http://soundcloud.com/ballout-1-463018592/skaterr-ft-king-shaa-dead-roses	true	Skaterr FT King Shaa - Dead Roses	2019-02-16 18:08:54 UTC					1	234313	DE					true		2019-02-16 18:08:54 UTC	https://cf-media.sndcdn.com/AMmc1PQVM4ST.128.mp3?Policy=eyJTdGF0ZW1lbnQiOlt7IlJlc291cmNlIjoiKjovL2NmLW1lZGlhLnNuZGNkbi5jb20vQU1tYzFQUVZNNFNULjEyOC5tcDMqIiwiQ29uZGl0aW9uIjp7IkRhdGVMZXNzVGhhbiI6eyJBV1M6RXBvY2hUaW1lIjoxNjk1Mzk2MjUwfX19XX0_&Signature=fKuuGqNpCl9vjxhKhNsbV5ao9khqDeGCncY1uigehWmx1WvrgxiThtt1W63IpjAQt0vN3RzvRuQ6AeOFRylsfEcA5Rle-xHLAdutdl7b1r6PHJi0f21v5fC3jcuKqrhni9sgFUZtmdPFrxMFtFy0doKV4XghzfkACVklHwyVNgbTgofgzVr3POdwlljP3cT5wiTHnbfroon9FOBNNFdDwx8DmyaZCy~9Mlhp~6XfCuSgL2~smWzM7c-woHMZGy42ueofDbyzqRG9a0ZsccotlVkU1oV0MFsgBRN859zat8uoXJ-vz-EiYe5MN9bffAopXzdJQ2nxlgjn-1HiwIKfqw__&Key-Pair-Id=APKAI6TU7MMXM5DG6EPQ
903305197	Deepology	http://soundcloud.com/deepologydigital/premiere-azaad-close-signatune	true	PREMIERE: Azaad - Close  [Signatune]	2020-10-02 08:15:17 UTC			Signatune Records		2	386664	DE					true		2020-10-02 08:23:58 UTC	https://cf-media.sndcdn.com/WQCEuosbwGW9.128.mp3?Policy=eyJTdGF0ZW1lbnQiOlt7IlJlc291cmNlIjoiKjovL2NmLW1lZGlhLnNuZGNkbi5jb20vV1FDRXVvc2J3R1c5LjEyOC5tcDMqIiwiQ29uZGl0aW9uIjp7IkRhdGVMZXNzVGhhbiI6eyJBV1M6RXBvY2hUaW1lIjoxNjk1NDAyNTI2fX19XX0_&Signature=OkkJQPeouxgemA5KLMq8eS1LDIktkWKLv5SZ6vi2AOcyjyDMtQ4SZEKrjsONT~pHIIP5vUxZ6pjN0cIm-fnct-9cEG4Y9c9veklvthNGP98odr8KaUzpLtczmVmkjvDsuuMrA7Wn5IzZC-In74baq-TP7qDBo6EDm4g60AHOxUWLeDtwTGkf8OfeXi9A31fdRszOHzEfJRr7ZFm809fj7dtftEvQJA1ApLDUr2V91sv9iDxIm5OdMNaqa55H6mY8F~7kzuHXG4GounbY8NQSabgI~1l6-P0ccITNJjYVxao8XO4Ejw13WWPjUN1wwA95-4CCgO6iMCViSVfX~u~U6Q__&Key-Pair-Id=APKAI6TU7MMXM5DG6EPQ
845594971	Jako GZ	http://soundcloud.com/user-863999268/martin-garrix-higher-ground-jako-bootleg	true	Martin Garrix & John Martin - Higher Ground (Jako Bootleg)	2020-06-23 21:58:25 UTC					1	217130	DE					true		2020-07-06 11:48:57 UTC	https://cf-media.sndcdn.com/C3rsioBMbuTc.128.mp3?Policy=eyJTdGF0ZW1lbnQiOlt7IlJlc291cmNlIjoiKjovL2NmLW1lZGlhLnNuZGNkbi5jb20vQzNyc2lvQk1idVRjLjEyOC5tcDMqIiwiQ29uZGl0aW9uIjp7IkRhdGVMZXNzVGhhbiI6eyJBV1M6RXBvY2hUaW1lIjoxNjk1Mzk2MDk4fX19XX0_&Signature=OlwKnxjAblGhB~PQtG-THN1zhgpKB9lkdf2oJvw2KFzbcsCfJ6fiD0~3K2fBOmd49WHsOFTFXocbtng6q-Me24DdIvlXPQefIOGjHebi4jSNZT7jwqDUMNPPXjaouXjC~LNyyHHr6xlTEGTPfWcaQmOSba6yd6O3KAOnSFF8yCQyWTDg3Noy915sGoBVYSSOOWefIAB4VJt91Ficnn2Bn4UMlEoONEWfa4v6KRICuDAmgWjhJzIuW25cdHm6yDt9OMhpVHYPFoZdyWv6fEdSm101JewBfNlCS8KoK25gmce0ymt0ypAdvoilZcrqfgXuMLNnTlZ1i-mqicREJuMB6A__&Key-Pair-Id=APKAI6TU7MMXM5DG6EPQ
293060253	LOUIS IV	http://soundcloud.com/louisiv999/louis-iv-faith-evans-prodclint-ford	true	Faith Evans (prod.Clint Ford)	2016-11-15 00:00:21 UTC					1	96975	DE							2016-11-15 00:30:08 UTC	https://cf-media.sndcdn.com/OAEgRnClqbcD.128.mp3?Policy=eyJTdGF0ZW1lbnQiOlt7IlJlc291cmNlIjoiKjovL2NmLW1lZGlhLnNuZGNkbi5jb20vT0FFZ1JuQ2xxYmNELjEyOC5tcDMqIiwiQ29uZGl0aW9uIjp7IkRhdGVMZXNzVGhhbiI6eyJBV1M6RXBvY2hUaW1lIjoxNjk1Mzk1ODAyfX19XX0_&Signature=NEAH2a7QWICstMODtcAQ9mj3YP5lp01LQo60QqYJBLSC~vOlvlADoQBUIIBzQ3koWIOF9JB7VrlnYIV42tMCAEADMplKVDaHStei5kqOAFe5T7vrCc~Q27B~ljThJ6hnq3~EbVZqa4Led~LWhdTDyFnhsW3HdmMFQFzGIVJtN0tG2DLHqZEnbhiaF0RoNQVPhpdK4NCq9XzDBADRWjorVmLs29Tko50qBRnHm-BM8Mv9pADgUd1EvgbSUtyPI~pwBngKSpmiaEQXQNWqH40R7GMgOUTxO3oWTmE-NBRSHAfqDaBbLiQSBrz5l~Wui6NXHtSVXifqkdBNoaf9WZpPHw__&Key-Pair-Id=APKAI6TU7MMXM5DG6EPQ
286703729	Lost In Space	http://soundcloud.com/lostinspacesound/lost-in-space-liquid-universe-alien-records	true	Lost In Space - Liquid Universe [Alien Records]	2016-10-08 11:42:30 UTC		QM42K1708234	Alien Records		3	407705	DE	Lost In Space				true		2016-10-08 11:42:30 UTC	https://cf-media.sndcdn.com/KiHjbzG7cNoc.128.mp3?Policy=eyJTdGF0ZW1lbnQiOlt7IlJlc291cmNlIjoiKjovL2NmLW1lZGlhLnNuZGNkbi5jb20vS2lIamJ6RzdjTm9jLjEyOC5tcDMqIiwiQ29uZGl0aW9uIjp7IkRhdGVMZXNzVGhhbiI6eyJBV1M6RXBvY2hUaW1lIjoxNjk1Mzk3OTEwfX19XX0_&Signature=Xr8X2g3k~~8zUkhlurI4HQy6F9spyJhDfGoz7151cvQ~UEK1AzMFBHlPuoh0rshSapSti0JYIv-3yG4u-iE3fB2l5efB-ri5kPYsQM6CxTQUKzAzIPk72JeZPnB6-dGdIL-qxKg7n91ss7WkZWnCOiqgExglRWDkBS88cp8wfCJdB7klJ7JzTQYZCkcWIvuI7zNPNOkMTRJFX1nYhRslY76NOJPpVr1OC9cVkadMusqkNYAwCTORGMvjlkdN-zXjflHo-TkHTfMv7I0lmugmDWbiRLhL4ZgSvTcHaYNzBo139zbug8pl7kHLyikZvTQstNlGIhjVAsJwMIM4RvnRjA__&Key-Pair-Id=APKAI6TU7MMXM5DG6EPQ
313893517	Impulse	http://soundcloud.com/musicimpulse/new-school-feat-bittec	true	New School (feat. Bittec)- Free Download	2017-03-22 18:48:49 UTC					1	425312	DK							2017-03-22 18:48:49 UTC	https://cf-media.sndcdn.com/VPfI4vzhoYT9.128.mp3?Policy=eyJTdGF0ZW1lbnQiOlt7IlJlc291cmNlIjoiKjovL2NmLW1lZGlhLnNuZGNkbi5jb20vVlBmSTR2emhvWVQ5LjEyOC5tcDMqIiwiQ29uZGl0aW9uIjp7IkRhdGVMZXNzVGhhbiI6eyJBV1M6RXBvY2hUaW1lIjoxNjk1Mzk5ODYyfX19XX0_&Signature=cSch3SieCby2KU69BBZJ9LAsgbMUXZ0WuV2-dlV4wpe~oW64uUu0~5yTN8cGHSEMM57rHUSrHQ-ib9mvm9lFoRUDfbnQfJu7MoU7zyR-fcbBdi285SNUsBHxMijvujzQy7llzjxzSVPOd4u87rzj9WYBG1ZFLUJYO64dNraSETtpaa1-C1~2VuvGYLxjvtRtP1wlN11DqvEbS1rORYMxmr1ccx0CvC3LXCa8EN2Wng8AeDSJc2ieioCx6Fra5iXE7~fTzCHrM7TUAgULvp1LH89SG6mkPfE-soYwwtbJt2g6gJWoz29DCiaOmpR1YFlh0D9bfXjxuTQMaww4Zy1RUw__&Key-Pair-Id=APKAI6TU7MMXM5DG6EPQ
186006811	BerndHessMusic	http://soundcloud.com/berndhess/erykah-badu-on-and-on-kleeer-mix-214-by-bernd-hess	true	Erykah Badu - On And On (Kleeer Mix By Bernd Hess)	2015-01-14 14:15:27 UTC					14	257408	DK							2015-01-14 14:15:27 UTC	https://cf-media.sndcdn.com/SYwkMyuCJOgU.128.mp3?Policy=eyJTdGF0ZW1lbnQiOlt7IlJlc291cmNlIjoiKjovL2NmLW1lZGlhLnNuZGNkbi5jb20vU1l3a015dUNKT2dVLjEyOC5tcDMqIiwiQ29uZGl0aW9uIjp7IkRhdGVMZXNzVGhhbiI6eyJBV1M6RXBvY2hUaW1lIjoxNjk1Mzk4MDc1fX19XX0_&Signature=BXkZkQZ7fhv6KTPU~GKnu~EB0M0oDB7TqHvRhcN4I2fad1jUsZX-pwBBH9LCj8gI9bVpJM8NqhQlGgvcEFjm0WO~~tCB6OfhigeuObDEyOSS4yItA7YbVLcWfl5Vstkby5BsyrTgjy2-HxL3vNesah40K~kpMfhyZPn1vdMGE1M0N~0~bymfC7FpZryl197t2Pxz3q6Fug6bEsWUIJT2PiR-UxxQIqsVsUMOD3N2K8HmMeQKZPt3Xj2L-rWE7OZG23oYS26CrjtKNNxxzbSEPyJOu65omdVfd7-9UzmXwA2W4-KDXnsiA~3LRRzLdwDA3Pj8ijhCFPcQYT2TVsR8bw__&Key-Pair-Id=APKAI6TU7MMXM5DG6EPQ
290728402	Dressed up Animals Karl Lienert L√∂wenherz	http://soundcloud.com/dressedupnimals/2-comme-tu-est-belle	true	COMME TU EST BELLE	2016-10-31 00:06:59 UTC					1	285100	DK							2016-10-31 23:14:07 UTC	https://cf-media.sndcdn.com/u6UMpLWlOd7J.128.mp3?Policy=eyJTdGF0ZW1lbnQiOlt7IlJlc291cmNlIjoiKjovL2NmLW1lZGlhLnNuZGNkbi5jb20vdTZVTXBMV2xPZDdKLjEyOC5tcDMqIiwiQ29uZGl0aW9uIjp7IkRhdGVMZXNzVGhhbiI6eyJBV1M6RXBvY2hUaW1lIjoxNjk1Mzk0NjU0fX19XX0_&Signature=ScVGmVSRnH3J3P6Pbd2O53LRt4mUvrLRMrU9qBwgk9bIeGnR2QvKxtNAnqN3i0In89c6rkqYqqnrFVUXlvFG4R797FRYgd7S0NyVNzSOfY6JaV8cEowgDbvQFkIoRuBDKbrX1asywYudVpYbsGUkJVnYL55HcfPq5jmbEbmqXeICfdYm2Sx6~D5k2PcUP-1bJKO0J-fx-b23QNkWhWZzXqeTIpPXor16B4b8HHy076jBsRDhEh8lSp1GzIuHkXcyXP~R2Kk4wYJwAqrmiY6~v5lXt90ZGxndBaQtIuXQMeXJOzmCF3CzEd1vG9Ws-rcBU1G~bL-x0lzCp1mw9Ljbhg__&Key-Pair-Id=APKAI6TU7MMXM5DG6EPQ
935923138	MDMAsger	http://soundcloud.com/user260069/taenk-pa-det-3	true	T√¶nk P√• Det 3	2020-11-25 17:09:18 UTC					1	101721	DK					true		2020-11-25 17:09:18 UTC	https://cf-media.sndcdn.com/5jQngdiemGNM.128.mp3?Policy=eyJTdGF0ZW1lbnQiOlt7IlJlc291cmNlIjoiKjovL2NmLW1lZGlhLnNuZGNkbi5jb20vNWpRbmdkaWVtR05NLjEyOC5tcDMqIiwiQ29uZGl0aW9uIjp7IkRhdGVMZXNzVGhhbiI6eyJBV1M6RXBvY2hUaW1lIjoxNjk1Mzk4OTU1fX19XX0_&Signature=bDQD6XV5EKCT7qWn0zl5Eu7tvh4IR1oo6LVLdCw6zNYA13TfbifJK-gSeMORBFLGldrp-O4NCVB~0~x4lp0kQcjKtIGV0tWN3Jz2Iw7dQ0B9yjLuhQK~ztJqO-qHe8nNrrnvo6OPjNfzKAkbIT-0EqXzlDHPciORKc7dM0I4DduLww2wdnJdA8xAuRqF4U7uQXMpd9mST5u1v27IqInQwB9U2rxlJ2oA6XLBsHY4KJ4EcneB7GQrkgao1ew1UI5xudUN584jdBJd8eZA-ajIagGFZteylxN15NuKq~osRAOPPWUPnsvD0MMxz3lC~8Jy5KF~6SnkhTPUqMVWtIi0sA__&Key-Pair-Id=APKAI6TU7MMXM5DG6EPQ
307257997	Apogee	http://soundcloud.com/iamapogee/dj-apogee-valentines-special-february-2017-podcast	true	SENTI VIBES with Apogee	2017-02-11 20:23:27 UTC					1	603197	DK							2017-02-11 20:23:27 UTC	https://cf-media.sndcdn.com/ErZfwL87ZVlT.128.mp3?Policy=eyJTdGF0ZW1lbnQiOlt7IlJlc291cmNlIjoiKjovL2NmLW1lZGlhLnNuZGNkbi5jb20vRXJaZndMODdaVmxULjEyOC5tcDMqIiwiQ29uZGl0aW9uIjp7IkRhdGVMZXNzVGhhbiI6eyJBV1M6RXBvY2hUaW1lIjoxNjk1NDAyNDQzfX19XX0_&Signature=TnHFkuQg~~aLY9E52QXZKuatcrn89kIa-nG~HkPbD2UCWhk-GRcACtSONtBULDlI8MYkHTfLp1HCPYcL5Ff2~8eS2uzLm2BHiOaCnUHMm~lHFjeKK-cytguxngWkwpheNMX0iywIzrA9Gsq7gPSHvQkcPnYYYFFJquSlkz~qIbYtU9ezFI6VxiQFIjrxvqPzGmWRGKJtkxu-f-daWGhnm5Mskzw7ppPqMsmnp3t7uckXdK~qEPv~33FLyQlj5ICFOPqTBLHRyDd13H2VyXWwHBr~lU2J0u2HIiuP9vE-Ai4S-Ym47MKYkWSmldWCk5cWji6gFl0OW7F5E~takQ8hOQ__&Key-Pair-Id=APKAI6TU7MMXM5DG6EPQ
935864815	Deep Grooves	http://soundcloud.com/deep_grooves/free-download-male-oak-cold-critical	true	FREE DOWNLOAD: MaleÃÅ Oak - Cold Critical	2020-11-25 15:21:29 UTC		QZFP52298366			1	257123	DK	Mal√© Oak				true		2020-11-27 13:45:02 UTC	https://cf-media.sndcdn.com/ycUFOUtwSzah.128.mp3?Policy=eyJTdGF0ZW1lbnQiOlt7IlJlc291cmNlIjoiKjovL2NmLW1lZGlhLnNuZGNkbi5jb20veWNVRk9VdHdTemFoLjEyOC5tcDMqIiwiQ29uZGl0aW9uIjp7IkRhdGVMZXNzVGhhbiI6eyJBV1M6RXBvY2hUaW1lIjoxNjk1Mzk4MjE2fX19XX0_&Signature=K5Chem~MhqLWgKlxxFYwubkO~4d-F4rAnGs7Izjz0UUv1W2jqrq9O3N4qSl0RLYUGPhluC1IbMowCl0LVl~GIP8qD4caDQ7XHbe2C1lfnPnJXps1V~bW25VTc8usYIdbyRl15VjpjNqZxD2wJ~8vAUHjs8mrTFLkjLRsKBlkaYq0MKJbS0ypkHcJ66O-YNhyKcRf42VzuFMDFPtwvNkT9wwWuvOruPp50bDYrj-09JTtRahlJJjPDCm9lYodyRUiB6-KtOUVfwaLK1bBKpThv9ZupMmOfg6MsdjdQMsYlbS4hggzvm3zcNZsqbhY2qWjraLMo9XSX41P5cn~TVpQHw__&Key-Pair-Id=APKAI6TU7MMXM5DG6EPQ
1276120474	Heimlich Musik	http://soundcloud.com/heimlichaufsc/oberst-buchner-quicksand-feat-mimu-original-mix-1	true	Oberst & Buchner - Quicksand Feat. Mimu (Original Mix)	2022-05-27 07:27:00 UTC		ATDY82200006	Heimlich Musik		3	286746	EE	Oberst & Buchner			Quicksand feat. Mimu	true		2022-05-27 07:38:37 UTC	https://cf-media.sndcdn.com/56R5wtNrR4JP.128.mp3?Policy=eyJTdGF0ZW1lbnQiOlt7IlJlc291cmNlIjoiKjovL2NmLW1lZGlhLnNuZGNkbi5jb20vNTZSNXd0TnJSNEpQLjEyOC5tcDMqIiwiQ29uZGl0aW9uIjp7IkRhdGVMZXNzVGhhbiI6eyJBV1M6RXBvY2hUaW1lIjoxNjk1NDAyMDE1fX19XX0_&Signature=fbhhirXqGBdbfdGjRICfoHUwvdqQbZVWOR216nuIUjUL4M-u4HrQ3H0e850ucyAHO9hSt39ULfgoQ~bl-nMFlFZgRuz0dX-K4S3iCqcB7cFmFjF1VK4gjWAs0TPkpMWRoleO~7ujCxF7gOdHPcrWTF1TrpEdJOwejYfibCmz7fcAibFiXiitsue~9yRpyZJyE9udpJIwWv207nJsRKYSvvdghpRE9MEXzr~Vt~1uXdFXR1hz883aza0vFBGMRLHmnFrIwHwYHyLht5JV-tHN5Xb7Zu8BOMhQ7ZXnZNZmH7p7eErHCQgsgQl9O1OiEOz588NUqNa~kg2K71ek1~dwtA__&Key-Pair-Id=APKAI6TU7MMXM5DG6EPQ
997775149	Fofana	http://soundcloud.com/fofanasc/tik-tok-mashup-march-2021-part-4	true	Tik Tok Mashup March 2021 üî• Part 4	2021-03-03 12:36:33 UTC		QZF8N2178090			5	228937	EE	Rono				true		2021-03-03 12:36:33 UTC	https://cf-media.sndcdn.com/Zl6HX5mmKolA.128.mp3?Policy=eyJTdGF0ZW1lbnQiOlt7IlJlc291cmNlIjoiKjovL2NmLW1lZGlhLnNuZGNkbi5jb20vWmw2SFg1bW1Lb2xBLjEyOC5tcDMqIiwiQ29uZGl0aW9uIjp7IkRhdGVMZXNzVGhhbiI6eyJBV1M6RXBvY2hUaW1lIjoxNjk1Mzk3OTIyfX19XX0_&Signature=Ee7R137Rj5KtIqBEPV5yGvgdTNWtM5j6-GkQkLVcqpo0P~plAEJAhMfipLAR19gJbSGJ~cldRq8J1fO3zF7SxQRrrkKfesUUWD~3rdi2VOEwe7NQvKcD2IhAIS1f2zjvABaPABXJkNGLS2cS0fmcexGPIrXckuc2LwFAuzAJ9chkY2Ns3-KKurivAqxPrHaqPJXjvIdE0RD6r4--LFGaknT21fF73f162XezwPl2kn5mppmdggHCjojBbIEY-Gr73baeacTdSGWoU~XSzhZeNReB6leMYqZ-vnJJSYuW221vo~PVIy3UwEVv87m5KIEwtG~3PIdCc7jTPDfQK8Uw3Q__&Key-Pair-Id=APKAI6TU7MMXM5DG6EPQ
575813682	MEOKO	http://soundcloud.com/meoko/premiere-bernat-public-original-mix-field-of-possibilities	true	PREMIERE: Bernat - Public (Original Mix) [Berg Audio]	2019-02-15 12:40:47 UTC		QM8DG1934590			1	456245	EE	bernat				true		2019-02-15 12:40:47 UTC	https://cf-media.sndcdn.com/X1gt62R17c95.128.mp3?Policy=eyJTdGF0ZW1lbnQiOlt7IlJlc291cmNlIjoiKjovL2NmLW1lZGlhLnNuZGNkbi5jb20vWDFndDYyUjE3Yzk1LjEyOC5tcDMqIiwiQ29uZGl0aW9uIjp7IkRhdGVMZXNzVGhhbiI6eyJBV1M6RXBvY2hUaW1lIjoxNjk1Mzk4Mzk3fX19XX0_&Signature=NLIFnDYqryBkLxPRRGLoksj18nr59Hw0ir3neURYY5G2p0uu-T3b1aRvBIr9fcPm0ZZ9pVPM6eJRWaFDfu6GEBVdTXKFNeXKw1NcodN-bhzy4IuITQOULTbeykbzEMf6cwnh6nntcVgxIazOwzLp0dXRsmCTe1Lky~v7Lfjbx715kZPGSnx6tKVok6rPD9Uan6RYd2MIMSOYMjCQkEMm6xQOB9X4OJ5Yx4GEzVDDdWzLLMNqW3SMFVYzY~kM8lljaoFi8Un2tbq00CmGwi76eGkZiEp1D3Ld4qGK5hQiiRTe0UgUI0h7wfcc3sWBA2uRjHUlioz9k~pxEyMEnTCPqg__&Key-Pair-Id=APKAI6TU7MMXM5DG6EPQ
693189628	Ignat Gantsevich	http://soundcloud.com/ignat-gantsevich/c63skwnescwn	true	–ì—Ä—è–∑—å - –†–∞—Å—Å–∫–∞–∂–∏ –ú–Ω–µ –û –õ—é–±–≤–∏	2019-10-09 10:43:41 UTC					131	210651	EE	–ì—Ä—è–∑—å 			 –°—É–Ω–¥—É–∫ –ú–µ—Ä—Ç–≤–µ—Ü–∞ 	true		2019-10-09 10:43:41 UTC	https://cf-media.sndcdn.com/z78R80lL0G5N.128.mp3?Policy=eyJTdGF0ZW1lbnQiOlt7IlJlc291cmNlIjoiKjovL2NmLW1lZGlhLnNuZGNkbi5jb20vejc4UjgwbEwwRzVOLjEyOC5tcDMqIiwiQ29uZGl0aW9uIjp7IkRhdGVMZXNzVGhhbiI6eyJBV1M6RXBvY2hUaW1lIjoxNjk1NDAyMjU4fX19XX0_&Signature=FeaaWWslOzRklZvGuaPAn1btFFprE3PgPvVKZhGa6~iNPhboQbTm3azRl5oFKhnxXKP2ZcPqAmR9nOxSr~ZQsXESFIpI1eCyXwEztz5OrwoCcR8C18qtgm1uaB5auADJUqGzoqQWZN~8BzNOXUs4vqbesPRgbkzKr1YEaZNI1TcM~tkn7KAKLkJXaQRGXrvyMsfwLHaqxKGrWgxAK4~muNM~OdrOQcrDSN9agBZs-Q3cXCVu07jn2vs1ie7BcDmFUk3pfPS5SaejECWhQ7Ao0oC~zQKFBechEAtbWzmUCbtzRZO~pJbKkLMCuF5ldCm5yqVDfngVzWtplJqsoJPM5w__&Key-Pair-Id=APKAI6TU7MMXM5DG6EPQ
516878463	DLAG	http://soundcloud.com/dlag-656387394/goodnight-n-go-nightcore	true	goodnight n go - nightcore	2018-10-19 20:47:12 UTC					5	172398	ES	Ariana Grande			Sweetener	true		2018-10-19 20:47:12 UTC	https://cf-media.sndcdn.com/zsLNpgPVXVVr.128.mp3?Policy=eyJTdGF0ZW1lbnQiOlt7IlJlc291cmNlIjoiKjovL2NmLW1lZGlhLnNuZGNkbi5jb20venNMTnBnUFZYVlZyLjEyOC5tcDMqIiwiQ29uZGl0aW9uIjp7IkRhdGVMZXNzVGhhbiI6eyJBV1M6RXBvY2hUaW1lIjoxNjk1MzkzNTU0fX19XX0_&Signature=ZSbqXtOH36EwGYpLn-26PtjdpNoHPbfD7a-6tGrjauVHaUHyxUqLPFwdDgmhKcDss8-E0MLaJfVgpgM0KIRgl70vcamaF~o1zmvHGvnsTNMQmgwDWNLsfAtburkQ9VWBQwCXu1Q6svOUP6EIdW-h0PyI54j7dmYqPB~rjAMcimXSJNi~Ff2OkHRJHK7~mx421uvcHcng0Iep5XpLoC2EmydYF7yD8QrEmwayzIrBqvyyUboZ9KlcB8FBx~mE6deISiJ32LUeKH~4AD4mPNhbyw3E-sZQ84mer~IJRO9ptRPtcZALKfWvVC~APEodzH-eoQ4---jDoDbCtNfCsX5uUQ__&Key-Pair-Id=APKAI6TU7MMXM5DG6EPQ
1276082128	Phoenix	http://soundcloud.com/phoenixszn/playboi-carti-ft-young-nudy-racks-up-from-da-gutta	true	Playboi Carti Ft. Young Nudy - Racks up (From Da Gutta)	2022-05-27 05:37:48 UTC					131	208431	ES					true		2022-05-27 05:37:48 UTC	https://cf-media.sndcdn.com/XElNqFVviZ1s.128.mp3?Policy=eyJTdGF0ZW1lbnQiOlt7IlJlc291cmNlIjoiKjovL2NmLW1lZGlhLnNuZGNkbi5jb20vWEVsTnFGVnZpWjFzLjEyOC5tcDMqIiwiQ29uZGl0aW9uIjp7IkRhdGVMZXNzVGhhbiI6eyJBV1M6RXBvY2hUaW1lIjoxNjk1NDAxMzA5fX19XX0_&Signature=JmL5GtENWeUTojKMc932U96Lhvl~m4uEBv9JN0ZPwNTQqLCCwLKw7wEOSVzQKFg5PVXQQXAvDjGiBPwG84xD09C6adXgDlq-8zowvYb5gst-kYK-nm2fZe3oPOn6KcOXfRHTk9yxGep6KoB9i7-RDIKNOja2Hp4K8jd21~R0LXeaAMGGhjIS0~7PPht8l~hst45ZS5Zu3hs4fgjK1mjN1WLROkah8l10ZqeZFdJ5mmkFws2rd0ASmissDrfzkjBeHvFpuxbkvdrST-krJDgQQtCUaKA2zCZXVlXLKWII8msfQ6gAEFxwk8WatSNJHrQci8CrFS6jBBndVYNUBtReEA__&Key-Pair-Id=APKAI6TU7MMXM5DG6EPQ
313834325	‚úñÔ∏è KAVA&NOYSE üî•	http://soundcloud.com/kavaandnoyse/kava-and-noyse-friends-free-mashup-pack	true	KAVA and NOYSE ‚úñÔ∏è FRIENDS | FREE MASHUP PACK üî•üé∂ [BUY=FREE DOWNLOAD]	2017-03-22 16:07:19 UTC					1	1074411	ES							2017-03-23 16:45:24 UTC	https://cf-media.sndcdn.com/9OhXOAK9JFnQ.128.mp3?Policy=eyJTdGF0ZW1lbnQiOlt7IlJlc291cmNlIjoiKjovL2NmLW1lZGlhLnNuZGNkbi5jb20vOU9oWE9BSzlKRm5RLjEyOC5tcDMqIiwiQ29uZGl0aW9uIjp7IkRhdGVMZXNzVGhhbiI6eyJBV1M6RXBvY2hUaW1lIjoxNjk1Mzk4NzQ1fX19XX0_&Signature=MSHpnxiotZZwsHopX1E~zjMlit2W7CKMgE-UknM02k6AGln3Kf5bz9oOV~QMaMua5PNQ8TKff7Qi6wBhJgh5OpFQtzC~AOm5tb7pju7e1VdiXwLhKNSgdS9S-J8lM0oK0gceCoT2FeWab80Of62qK3LA7T7I2~35cOILIF4qfSRvevzkMMq1TW8zFlqxDlSt6hsA0oQkDl-w~DxS0sJiX1qNNId7ey1TdBC9MCpO8jUf55XQ71fAbHXPZkVSt-P9gum20U8fIP93Mnp-v26a~7yA2sSSf9p9jsgX6dPkm79aMFnTl1e6f3521PajHaywk5SxcdUMklFW701oYrobPw__&Key-Pair-Id=APKAI6TU7MMXM5DG6EPQ
307732939	Daniel Ahearn	http://soundcloud.com/danielahearnmusic/nobody-jess-delgado	true	Nobody (Jess Delgado)	2017-02-14 18:45:42 UTC					8	284865	ES							2017-02-14 18:45:42 UTC	https://cf-media.sndcdn.com/Qe5Zpp9Bf4CW.128.mp3?Policy=eyJTdGF0ZW1lbnQiOlt7IlJlc291cmNlIjoiKjovL2NmLW1lZGlhLnNuZGNkbi5jb20vUWU1WnBwOUJmNENXLjEyOC5tcDMqIiwiQ29uZGl0aW9uIjp7IkRhdGVMZXNzVGhhbiI6eyJBV1M6RXBvY2hUaW1lIjoxNjk1Mzk4OTc2fX19XX0_&Signature=Bl90h38vO6BKnUZUyyVBRcKZQ3I7IcAsOP1cpLo-tKpBjeVq2oC0y36b8oZUMueUl9aGPloukGtc8bLYQ-mjEAiL9-ieA4RwQPy2eds8YYbwCdi5p~MmjVUGkzEk4xrxliHpTdioz-A-QH6jzIeYgkO4NeqC72yJu5m9FEHL6C162ZFoR5FDvNXR4kr-jkGM8DmsAeRpPmrnaCzhZblK0oiNeHWs17qgYlddV9lS7zvBTxtU4bvPgdHn28UWziK85b0bLIAF9J1boPVGxq~Sx8uHJ6CfxdRd~RKNrVK5gN-L3ougqC102uelX7u3hUZt5hEQFdOuoTqX1L2o2sqc7w__&Key-Pair-Id=APKAI6TU7MMXM5DG6EPQ
291489554	Coyu	http://soundcloud.com/coyu/moby-natural-blues-coyu-remix	true	Moby - Natural Blues (Coyu Remix)	2016-11-04 15:24:20 UTC					34	593557	ES	Moby			Suara			2016-11-04 15:24:20 UTC	https://cf-media.sndcdn.com/gdHL3jQnadik.128.mp3?Policy=eyJTdGF0ZW1lbnQiOlt7IlJlc291cmNlIjoiKjovL2NmLW1lZGlhLnNuZGNkbi5jb20vZ2RITDNqUW5hZGlrLjEyOC5tcDMqIiwiQ29uZGl0aW9uIjp7IkRhdGVMZXNzVGhhbiI6eyJBV1M6RXBvY2hUaW1lIjoxNjk1Mzk4ODM4fX19XX0_&Signature=gP6K-KDPFqpSe9X91KeJJScOl7yfbVk8IKAYscPdsqG~NaR~m2n-e4t-iRBIwXR~6yic2aUKMU-6SfuuFTXzfvtit6OzBrtzYZq3pjf2dwgaTiJlb6IqN3zK3Jv5orSj6W-Aw-ni2JOT4cywklPobvsrpbocYfqB8YQ3LY-yRBb5-J5eV4u5tLLe08Nsqo29mP1S7AXmxfGJUqm9L1raupSdi25weyzTrhILyRTsvQ1t2bGa4QHDzJgziZFnf0XU2qAIAgxHCI70xpkxBGDcAC7hoOb7S9QuoXUr3NWZJ-Q9fBmJFblsXzdAWnQWPWIjtiHnnlnJqIikAArZ5i~q8A__&Key-Pair-Id=APKAI6TU7MMXM5DG6EPQ
935872546	Sufi Sama	http://soundcloud.com/sufi-sama/balaghal-ula-be-kamalihi-by	true	Balaghal Ula Be Kamalihi By Sabri Brothers	2020-11-25 15:37:02 UTC					102	1059605	ES					true		2020-11-25 15:37:02 UTC	https://cf-media.sndcdn.com/uMPcIOJMlZX8.128.mp3?Policy=eyJTdGF0ZW1lbnQiOlt7IlJlc291cmNlIjoiKjovL2NmLW1lZGlhLnNuZGNkbi5jb20vdU1QY0lPSk1sWlg4LjEyOC5tcDMqIiwiQ29uZGl0aW9uIjp7IkRhdGVMZXNzVGhhbiI6eyJBV1M6RXBvY2hUaW1lIjoxNjk1Mzk5OTk3fX19XX0_&Signature=Lo9dz0fWnKdsr7cxyXZ1JggRLX-FLSnUtVM3oSjI1O-0tZ4CbsumjMTieQqdx9ZXk3uQaeq0YRuMjYHLQJhIOwIYgFaMPqKpeXZp7xGh-27oRSXR-KrYXpx31HcS7ssX8Vq9hCgsmbFV7OozwPJthrXasUFlFprkfgNIV3dMPYHV5~bk3yek~eDOUCWhRdZQlISQZ5t3zR4JUFqQA16BewLpPZUE0TgacTdY8-eInqiOpQQgJY6wqtnipyAq9AbPnD~IlMwAncUKD75bUgc~fGvNNRHzXx~GNnzqUQjRJboiUQZ713WnvqjdwMjmGmjEDt4Gpi5UA2yoE4c8zS4gVg__&Key-Pair-Id=APKAI6TU7MMXM5DG6EPQ
575862531	Wado Records	http://soundcloud.com/wadorecords/costear-remixfull-remixprod-by-wadorecords-jhay-cortez-ft-almighty-ft-el-ejercito	true	Costear Remix(Full Remix)Prod By WadoRecords - Jhay Cortez Ft Almighty Ft El Ejercito	2019-02-15 14:31:08 UTC					11	1090688	ES	Jhay Cortez Y Almighty Ft Marvel Boy,Capser,Nio Garcia,Chris Wandell,Bryant Myers,J Quiles,Rauw Alejandro,Juanka Problematik,Lyanno,Eladio Carrion,De La Ghetto,Lunay,Myke Towers,Alex Rose,Alvaro Diaz Y Rafa Pabon			Costear Remix (Full Remix) Prod By WadoRecords	true		2019-02-15 14:31:08 UTC	https://cf-media.sndcdn.com/0EbYK9FoipuK.128.mp3?Policy=eyJTdGF0ZW1lbnQiOlt7IlJlc291cmNlIjoiKjovL2NmLW1lZGlhLnNuZGNkbi5jb20vMEViWUs5Rm9pcHVLLjEyOC5tcDMqIiwiQ29uZGl0aW9uIjp7IkRhdGVMZXNzVGhhbiI6eyJBV1M6RXBvY2hUaW1lIjoxNjk1Mzk0MDc2fX19XX0_&Signature=a4pm80dSTdNaPxkxub6AQp8n0XWYIZL1U~E~4VK4NSdvMVnjj3IluFnxKlNyojSKSom56lwFZR4nmzsGBpJ7N0f~UWMMrWEcDAoAMhHyFv2Q0oWofJ8~o7aDhRfV6HZi4uvLM~oNUBhAot1qyAAibOxp7nqTOoJ42A85d151VhR9XgyAgKZKOJGGVpU7z09VcxLchWWIROS-1NCHOr-xFUHNhJeOKBG2X6kw2l27AOuLGzY7HnK2reY34qBSanb4RkVh98XMU-9gKV210em4pzaIZuw3J6PBVlsdmvqT8aY7vTzRYtGZ44gHPN3pTfZaCd2x~0yNKob5vY5aNSOIiQ__&Key-Pair-Id=APKAI6TU7MMXM5DG6EPQ
1276068436	Andrew Spacey	http://soundcloud.com/omegaspacey/skyfall-ft-wiccah-1numbertwo-x-k1llamanjaro	true	Skyfall - Andrew Spacey & Wiccah (1numbertwo x k1llamanjaro)	2022-05-27 04:54:43 UTC					2	184424	ES	Andrew Spacey x Wiccah				true		2022-05-27 04:54:43 UTC	https://cf-media.sndcdn.com/ZAsc0cITbBSL.128.mp3?Policy=eyJTdGF0ZW1lbnQiOlt7IlJlc291cmNlIjoiKjovL2NmLW1lZGlhLnNuZGNkbi5jb20vWkFzYzBjSVRiQlNMLjEyOC5tcDMqIiwiQ29uZGl0aW9uIjp7IkRhdGVMZXNzVGhhbiI6eyJBV1M6RXBvY2hUaW1lIjoxNjk1NDAxNTEzfX19XX0_&Signature=Jvzm97dCxLSBillHhLNDZRyc4yGlz6KKlevCcJe7Kk1N8jZjVynfgM6RlNo-wlYWUYLj6z9biWiMvL2-uve0-5KgIKjOyTlecruGR-RCaLftB4FJpwwCqxDM6bYosAFXthCHU3oJrzdC4Xn2RTien0SH8oz3gCQbGTnlOxki5WYhABW-Q3HyZtZkG-GiAHyyJwe6~3vX5ZDdfzKPEPeh0vEZssXv0rZs8~GkOPgZGIxrwiWg9uw8U-h8yNtDTsq7WQF3XdCzoS5liOPbHoIHVn2Cpon6HqkIC9IbDvGHZE7yLAu-R6gBkWWuMJw0g9L6ELmB4BgvGNUMdvcBSh2DvQ__&Key-Pair-Id=APKAI6TU7MMXM5DG6EPQ
292411289	ÿ±Ÿêÿ≠ÿßÿ® ‚ô´	http://soundcloud.com/rehab_elgendy/lana-del-rey-summer-wine-mp3	true	Lana Del Rey - Summer Wine (original)	2016-11-10 17:49:50 UTC					7	295393	FI							2016-11-10 17:49:50 UTC	https://cf-media.sndcdn.com/ALqjiSOZ7IAa.128.mp3?Policy=eyJTdGF0ZW1lbnQiOlt7IlJlc291cmNlIjoiKjovL2NmLW1lZGlhLnNuZGNkbi5jb20vQUxxamlTT1o3SUFhLjEyOC5tcDMqIiwiQ29uZGl0aW9uIjp7IkRhdGVMZXNzVGhhbiI6eyJBV1M6RXBvY2hUaW1lIjoxNjk1Mzk0MTYwfX19XX0_&Signature=Jm3QwJ-YMiFNkCvf1shJ48uJVyg9SjG1~U~gY3iqkoE80BLPIn-plw~7o~20hj-eGdDQ~5CwWBBcGAYCnbSX6CRpWx79g9WBC~MtJ7SZrrFWSbWSzfI6DH~UBT-3u-fUGbf3IBunyD-IHOAGY8CimeD2AvkNrRmkWnxKpWhtLTek05sfogkW1rg9ApdXKU97KGlM8Z~M9AHYQ6jL9ueu3QPnCbs3f6kNxPXlRGS0hD~TJJ8~LegAfNQAoZbFVE5Vr7rlF-XvhsTSO~43jk2NAPPrtaiTMBOSZyvayHdtQwp154ZBgf0nvXlzzjUnUPOnRyRLoIh1rlkjUg2t3PIvBA__&Key-Pair-Id=APKAI6TU7MMXM5DG6EPQ
455759346	Asbj√∏rn Tobiassen	http://soundcloud.com/asbjorntobiassen/a-tobias-sail-away	true	A. Tobias - Sail Away [check out soundcloud.com/atobias]	2018-06-08 20:27:24 UTC		QZNWZ2159715			1	362142	FI	A. Tobias				true		2018-06-08 20:27:24 UTC	https://cf-media.sndcdn.com/Ugpzz6YPASdG.128.mp3?Policy=eyJTdGF0ZW1lbnQiOlt7IlJlc291cmNlIjoiKjovL2NmLW1lZGlhLnNuZGNkbi5jb20vVWdweno2WVBBU2RHLjEyOC5tcDMqIiwiQ29uZGl0aW9uIjp7IkRhdGVMZXNzVGhhbiI6eyJBV1M6RXBvY2hUaW1lIjoxNjk1NDAxMjYwfX19XX0_&Signature=InSn11o2MVmxyGxqh12PFiBHGsYGZ905Qn7EVF12OL~TmiZp6YrHgx5x4YEO0kJPwdGNYYm44ygrV1YhD6O18gflVBuOWHBXZHYvqXFnnHRaNH~1d-Ml~wkM7EqxXU~YgoFDkntccycLgvtZTMHHKnKfk3MMTyWrGL-oof8oO0n00F0wxLxVZUCdDBuY8PqoPjV8C5wtcLBy7Y6ZHcmZOU215LRF6bq8QVB~2r9ZyTRqbGvrW~ezTmrLtjZuY-rHf9iGZ1QmPcZn16vPH9oTIM9SjWjovfEBykDH9qdmE67PTeuLIU77kXw7bHEKgr8x55x9pwi5aREhwpJn0lA35g__&Key-Pair-Id=APKAI6TU7MMXM5DG6EPQ
296397176	Robbie	http://soundcloud.com/mathieson-sc/leave-me-behind	true	Leave Me Behind	2016-12-05 20:33:21 UTC					3	197347	FI							2016-12-05 20:33:21 UTC	https://cf-media.sndcdn.com/mWRnsRo1Qhdz.128.mp3?Policy=eyJTdGF0ZW1lbnQiOlt7IlJlc291cmNlIjoiKjovL2NmLW1lZGlhLnNuZGNkbi5jb20vbVdSbnNSbzFRaGR6LjEyOC5tcDMqIiwiQ29uZGl0aW9uIjp7IkRhdGVMZXNzVGhhbiI6eyJBV1M6RXBvY2hUaW1lIjoxNjk1Mzk4Mzc1fX19XX0_&Signature=PzfqaTaEkUhVvaMhgK-JGYAfEQ1FUhMRi4~BEkoe0j-ImJepHmsiKX12bc-ANyk5z9cL7CjA2fLiGGvUyuacpK7EQy-OzKsboXlQOY~P-sRXzxKDvGxEQIrutMJhyjo9mXo1Zb4mm60s6jsqj8ofZChwnYc9yIIH7qA5yOspp2lk~rs1D-x6e2qJ9frS3e~3hRSdByRDOIlMLu0xHM-U0GxEcxRTC6uzX108bxtHjlSKgm7aL1wMaE3Me8Wg-xfpDgM~suQwq59KCskVznhTxudPLvG~ODh674BLKJU65uF2JiBxCSNI9gaKxEO7s3JFo6fvteXzHnt9akG4IfqU5Q__&Key-Pair-Id=APKAI6TU7MMXM5DG6EPQ
268218925	maddoxrules	http://soundcloud.com/maddoxrules/49-reefer-madness-wage-gap	true	#49 - Reefer Madness, Wage Gap	2016-06-09 00:01:39 UTC					7	4298511	FI	Maddox Dick Masterson			The Biggest Problem in the Uni	false		2016-06-09 00:01:39 UTC	https://cf-media.sndcdn.com/Sfhppld7Dhwi.128.mp3?Policy=eyJTdGF0ZW1lbnQiOlt7IlJlc291cmNlIjoiKjovL2NmLW1lZGlhLnNuZGNkbi5jb20vU2ZocHBsZDdEaHdpLjEyOC5tcDMqIiwiQ29uZGl0aW9uIjp7IkRhdGVMZXNzVGhhbiI6eyJBV1M6RXBvY2hUaW1lIjoxNjk1MzkzNTI1fX19XX0_&Signature=Lz6S5qYng4UyxohqUXHVyuzLWySZKgK~mY0KGGMdvJ0U~nSj-D52LNwZFOg6nGXdao7~q56XUiv-WD3NJPEbkhuqWoRVska02mdoebQ341PwNV-s3JMwDac5E0uoMVbGEcMhO6hl~XPoubE4PT-nLDtslz7oFIW~PcmqDsrFYiGP0vWXhSQJhjTPLVs-B1akrABeUzl-idQTqh1E5Zys4lDhnPEhZRqNSRHgDJVlxCQYIn7LekOYo1~zXnKRymbHibGMH~e8TqtV6rM-Rm9ANj~JoCv5QYK8BkiqpUJhV2Dm9nIh2-BYFv1TOPBBQPGYl0uiuPumCQ~0ZrAq7zRACw__&Key-Pair-Id=APKAI6TU7MMXM5DG6EPQ
265721639	hheaton4	http://soundcloud.com/hheaton4/all-night-long-all-night-live	true	All Night Long (All Night) - Lionel Richie [Live Cover]	2016-05-24 18:46:06 UTC					17	290456	FI							2016-05-24 18:46:06 UTC	https://cf-media.sndcdn.com/djnrpBc8sI8A.128.mp3?Policy=eyJTdGF0ZW1lbnQiOlt7IlJlc291cmNlIjoiKjovL2NmLW1lZGlhLnNuZGNkbi5jb20vZGpucnBCYzhzSThBLjEyOC5tcDMqIiwiQ29uZGl0aW9uIjp7IkRhdGVMZXNzVGhhbiI6eyJBV1M6RXBvY2hUaW1lIjoxNjk1Mzk5NjU4fX19XX0_&Signature=fL3Z7CD2ZR51Lzrwzr5yMivSCqzIUVt9le8lgTIw4Z15~Q~XXea3ZTHX8a9tDVFEgprE4qGHz3a8MOzAK3~fh~kUgEBCHKTsRTWHJvGdlS0nM1ZowyeHQwY92Xg0-RTnRVj7DHYXVR8-0DBrYyRE8CSss5kjOdt4~GPEUEcx4oW3WfFDWtU1cMpEVd5ycb~Oqh8DgXtMRQVWDfWeaBuO8nLtDX-7E9ioCSEW2KpjURyVT1Ml8RjrnM91iB0G5-aZJK~LuzSV2veHnIrxM8VJqzh-Tu0L7NZailKh-A1tvQTrjL7DLUir29Vn6l43-bKf0qkgLGF7WrOfXdV1okwfJQ__&Key-Pair-Id=APKAI6TU7MMXM5DG6EPQ
935892385	twensb	http://soundcloud.com/twensb/after-dark-by-mrkitty	true	after dark by mr.kitty (edit audio)	2020-11-25 16:14:56 UTC					7	57051	FI					true		2020-11-25 16:14:56 UTC	https://cf-media.sndcdn.com/t2D36VcLD5YP.128.mp3?Policy=eyJTdGF0ZW1lbnQiOlt7IlJlc291cmNlIjoiKjovL2NmLW1lZGlhLnNuZGNkbi5jb20vdDJEMzZWY0xENVlQLjEyOC5tcDMqIiwiQ29uZGl0aW9uIjp7IkRhdGVMZXNzVGhhbiI6eyJBV1M6RXBvY2hUaW1lIjoxNjk1Mzk3NjcwfX19XX0_&Signature=KQzMdgaNcjRpLaDXvbASnV3Db1MiUwsBKeOTYQJAVcuuaizc~J3sjvC2ezNOnD~Nw7N-Zrqxaj0M2nxt3P1qod45gwcKOLjeqjDlzaodFN~uXcNHhuzOWIyqAdnDgBOZ2nMV7faCR1TM1bk58kmwW51yazGWT-rRh2VrkxxWqnArCcEI-ECkfhMlQSTcOlUDCg6yfsPY7Xu6KejD6OfhkcffYbkL3QwnEkoMZ9xXRfyrtD8QQsufBU7WIhilM6C0xSlNbYJve0LpkwfsmnngfeUJxQHKC-Jznlma4mFnaZEKfKO4ejkyC1S9hdcrMkzMFtMgCe7kTmuuPJjvJiZSLw__&Key-Pair-Id=APKAI6TU7MMXM5DG6EPQ
218567537	Le P	http://soundcloud.com/lepmusicmaking/beam-me-up-feat-leland	true	Beam Me Up (feat. Leland)	2015-08-10 08:47:56 UTC			Vitalic Noise / Sony Music Entertainment		34	213700	FI							2015-08-11 12:32:07 UTC	https://cf-media.sndcdn.com/XUyjboEgO8xM.128.mp3?Policy=eyJTdGF0ZW1lbnQiOlt7IlJlc291cmNlIjoiKjovL2NmLW1lZGlhLnNuZGNkbi5jb20vWFV5amJvRWdPOHhNLjEyOC5tcDMqIiwiQ29uZGl0aW9uIjp7IkRhdGVMZXNzVGhhbiI6eyJBV1M6RXBvY2hUaW1lIjoxNjk1Mzk2MjE5fX19XX0_&Signature=Uee4H9rxzV6o0yntuyjRhh6lFIw28GACfbXigMMNV3DVqhpOEGL-po8xWmxGzirzlu4zotWQCJ7tZj2MPpaGiC6qFIIZwEEDNfddYiqP-nL9s7653dbLp-h0FALajQez97uHOLqWX62oiVN7P6MgvmLmFOmuQKSw9ofjJwnNJxT1jk~IFIaf54cIJnL~y9E2v4k4-kpXTdjcPsQuRYJDufHW1Br1ZZdz6UckdpkCvNVktP-icmaRr2g3~H4OJDefwme1dDac7A7JSByJeDulI3aIlyBAkLFbySkjuusAKgvpqzzGLZhxJVx7AuUWovj0UKMCBcYWh82FfG16hJ55-A__&Key-Pair-Id=APKAI6TU7MMXM5DG6EPQ
335591585	Memo Boy	http://soundcloud.com/memo_boy/escape-from-the-wustenforschungszentrum	true	Escape from the W√ºstenforschungszentrum	2017-07-31 03:38:06 UTC		QM8DG1840935			7	181567	FI	Memo Boy				true		2017-07-31 03:38:06 UTC	https://cf-media.sndcdn.com/8pGdlfciVfIQ.128.mp3?Policy=eyJTdGF0ZW1lbnQiOlt7IlJlc291cmNlIjoiKjovL2NmLW1lZGlhLnNuZGNkbi5jb20vOHBHZGxmY2lWZklRLjEyOC5tcDMqIiwiQ29uZGl0aW9uIjp7IkRhdGVMZXNzVGhhbiI6eyJBV1M6RXBvY2hUaW1lIjoxNjk1Mzk1OTE3fX19XX0_&Signature=MoLVyOalar8Oww5bCY0q8GFXE6HRVof0Nni0BO7Kp31E~QlMLokUfOiHPY5WTCedVOXBf7Jiqo1cGoRb-Ifg97bNcb0-cnQEOgI8Q2Rhxk7bPxmRJBksapsSXgOQRyvKsck6nUxmB6~Y4EBoEGyiH4SaZkxIjLjzk3~e8CaLACPsKFbEE9BRc2JBz-i64t3LFAVZbqqGlfsn59y3zsieseWzZinz41nOb3M73W33v4bzeRFHU292sKCdSP2m3OMXn-cT3f-wxTkJbVBx8ejjP4B2PxGGM~a-j-pmaSpcpvE97qQwP2RMsJxxUAO3CbBhLz2ykayHjg0gOyM-bvhucQ__&Key-Pair-Id=APKAI6TU7MMXM5DG6EPQ
1276008559	A'SOUNG	http://soundcloud.com/asoung/asoung-erase-me-extended-mix	true	A'SOUNG - Erase me [Extended mix]	2022-05-27 02:36:56 UTC					1	255347	FI	A'SOUNG	Glow Records			true		2022-05-27 02:36:56 UTC	https://cf-media.sndcdn.com/LxcotIuOZj1g.128.mp3?Policy=eyJTdGF0ZW1lbnQiOlt7IlJlc291cmNlIjoiKjovL2NmLW1lZGlhLnNuZGNkbi5jb20vTHhjb3RJdU9aajFnLjEyOC5tcDMqIiwiQ29uZGl0aW9uIjp7IkRhdGVMZXNzVGhhbiI6eyJBV1M6RXBvY2hUaW1lIjoxNjk1NDAxMjMwfX19XX0_&Signature=Qo2LfuSv7OrgCmybTx6A4klEw2jTSfeFOeyFnGSedQ4WJdo52KjeI-2aAtuI3XLod583x~0INxeqRw~RLsmTfqjzkGl67z2U49ZzQtEzlQUYC23Uot0joKtZ04Vgn-6b7qSuOnEtXesxtML27VG5KgUBpYeiDZm2LwA55QZ6KLBlyw-PmbxAURpHiAolxBnVuDo7O-qJYxSjnUYshUHY80EfgCcKBZFncDB-3d9zbHE3mGa-cVp0KZJdbPmWE6ORjdBdU2TNeRvflxSfcK537b4QQOgjyJWvowMDKGC~YNoIIzAOozmNIdJOz90ntOSP7jbifNfPbY24o9qOI20QrQ__&Key-Pair-Id=APKAI6TU7MMXM5DG6EPQ
935825320	Adrian Mocanu	http://soundcloud.com/raidanmancou/este-amoroso-tormento-2018-for-soprano-and-bass-flute-studio-recording	true	este amoroso tormento (2018) for soprano and bass flute	2020-11-25 13:55:49 UTC					2	707318	FR					true		2020-11-25 13:55:49 UTC	https://cf-media.sndcdn.com/OTN0vDdYsbWl.128.mp3?Policy=eyJTdGF0ZW1lbnQiOlt7IlJlc291cmNlIjoiKjovL2NmLW1lZGlhLnNuZGNkbi5jb20vT1ROMHZEZFlzYldsLjEyOC5tcDMqIiwiQ29uZGl0aW9uIjp7IkRhdGVMZXNzVGhhbiI6eyJBV1M6RXBvY2hUaW1lIjoxNjk1Mzk1OTM5fX19XX0_&Signature=WAv0q58T8NqjQmkwJOxzUd7gxs-mbuttlX3Xbu00bkZxFb0bLt4CFlAHQjO6ajmheq8KQnnmRhEVWijB~azVkKHZw8HEKolkPr7K0OLJAA9QHC7i0Y2UTwy2Elxf39i3jix~X9xVIp96NLVIituwAoDrVd52ownefDewa2IbpF7VaQEGSQEr2Fu-J~KgTTOkwnnRLD22IEgvRyThlEUNvKX54hvcBZp80DDyCChMjaMHgDcWGpZ15ean5xb51SIO8gbJGQ2b5zNHUfP4DDcBDBDBAdvsr-iPqPzCW4nePJQoNHlV2TkYWHd-eNspeH1J9Y2O0mxGghytEJtUINHm2g__&Key-Pair-Id=APKAI6TU7MMXM5DG6EPQ
935837029	Solf√®ge	http://soundcloud.com/vinchive/xlefh9ie6zms	true	ŸÉÿßŸÜ ÿßŸÑÿ£ŸÖÿ± ŸÉÿ´Ÿäÿ±Ÿãÿß ÿπŸÑŸä	2020-11-25 14:21:29 UTC					21	287373	FR					true		2020-11-25 14:23:59 UTC	https://cf-media.sndcdn.com/euUW261stCIR.128.mp3?Policy=eyJTdGF0ZW1lbnQiOlt7IlJlc291cmNlIjoiKjovL2NmLW1lZGlhLnNuZGNkbi5jb20vZXVVVzI2MXN0Q0lSLjEyOC5tcDMqIiwiQ29uZGl0aW9uIjp7IkRhdGVMZXNzVGhhbiI6eyJBV1M6RXBvY2hUaW1lIjoxNjk1Mzk1NzA1fX19XX0_&Signature=dV5M2jGwWD-TtP2kb8E-xxwTymdjdqw4EfjuneFT~9HwgSE~3Kazgd7HukcljqHF6vbOh2WUVtqn-LDy31OgHRiTtbqfeZjKfZB0PIH8eLXHyj~v6evgDNAiDcTxbtP6ONhSZiG2UgW5dimbSYmXA7g8hUYqvW7yylNKpdJl4nB7m4ZDOz9M06GJ-JTWuvuR6woCHKu~Fx2Dqfyo7X7AW1aCA-~K98LR~OxmJYQ1b4hZ5X9miwnS5AcZAkaKqwxY6~mqTi25wpl1StIUF8eDfHAwlh7kZb0S2ctu3wjFzw7FHRMIQGuJQG1Bo-qanlNJoxrXsAjoLEnBgiAcxYEYfw__&Key-Pair-Id=APKAI6TU7MMXM5DG6EPQ
320323556	WSM-46	http://soundcloud.com/user-995257549/najwa-karam-l-denyi-t7addeet-hq-2017	true	Najwa Karam - L Denyi T7addeet  HQ ŸÜÿ¨ŸàŸâ ŸÉÿ±ŸÖ - ÿßŸÑÿØŸÜŸäŸä ÿ™ÿ≠ÿØŸëŸäÿ™  2017	2017-05-01 12:50:05 UTC					13	209572	FR	***WEHBI SOUND MUSIC***			009613813764 - 0096170848008 - 0096170848008 - 96171010041			2017-05-01 12:50:05 UTC	https://cf-media.sndcdn.com/83jrqrzWctwU.128.mp3?Policy=eyJTdGF0ZW1lbnQiOlt7IlJlc291cmNlIjoiKjovL2NmLW1lZGlhLnNuZGNkbi5jb20vODNqcnFyeldjdHdVLjEyOC5tcDMqIiwiQ29uZGl0aW9uIjp7IkRhdGVMZXNzVGhhbiI6eyJBV1M6RXBvY2hUaW1lIjoxNjk1Mzk0NjM1fX19XX0_&Signature=JUJ3diLD8zzadr-BWwBF0YTM6~I2IaRbim8CCA5huaBiG7ji33r8iW9ZOw-xeyC-5x~uHF7OPKOCgfdXewplMlyhzi78znpp0a5IWssQbOpQJqbTa4eoecehQU7zVUvUN-pFfcHynHqoCXQIv8uDsafuYAvRwbmhrxV18Kmvvfqvo-D3e07DStOx30mLbrjwWkYsmu9pTfMx1ccuKTVogt1CcEJlsaQRZ-soM-PXw-La6jBoED2c756gy7HJqXJTrrH-Z0BCJ80o9PbY356o7JJshZvAFIFy2aXSjXuqfgZ3OQflxbkqg-~3ELxxbNusawExVxzWmL3XA-FaBVXCTQ__&Key-Pair-Id=APKAI6TU7MMXM5DG6EPQ
935823538	Senjubeats	http://soundcloud.com/senju-beat/free-valhalla-uk-drill-banger-beat-by-senju	true	"FREE ""VALHALLA"" UK DRILL BANGER BEAT by Senju"	2020-11-25 13:51:30 UTC					2	194873	FR					true		2020-11-25 13:51:30 UTC	https://cf-media.sndcdn.com/PN5zF68pQL96.128.mp3?Policy=eyJTdGF0ZW1lbnQiOlt7IlJlc291cmNlIjoiKjovL2NmLW1lZGlhLnNuZGNkbi5jb20vUE41ekY2OHBRTDk2LjEyOC5tcDMqIiwiQ29uZGl0aW9uIjp7IkRhdGVMZXNzVGhhbiI6eyJBV1M6RXBvY2hUaW1lIjoxNjk1NDAxNzA3fX19XX0_&Signature=VMTGwv5Zgyq09~uVJb-mZvEQ52a4mMgBNZXGz4ZjPUYL80Ck9pC93~iPszc8yAyZvsVOD9j~J6RTuzYVKvFRULL4hpWehJFM1tDfhqkBt909Cp~qhYdBfOKh3u2qy5hVwr44CFLHKvioDA-lTbth1sfIZgeZUcxbtpTWKDdZBYUNmUVQq3QuKzkjm0BSktJgIlWedxiJeg9Nhyy8LZcdbDarFKqrMLcPyyfNAxvOIOQR00yOmjjsdB84OyhpiiTnRBhhmvWaBvk9ru2eHdpT51h1aGLObYfIAoy4fFxamrTixYZ8TBW0W0CR57XprA3UciJ7h~FBHC~YVTrYjG3Ggw__&Key-Pair-Id=APKAI6TU7MMXM5DG6EPQ
1045950829	roshpotato	http://soundcloud.com/roshan-kumar-53897709/lil-darkie-i-can-see-clearly-prod-wendigo-14x-speed-8d-audio-edit	true	LIL DARKIE - I Can See Clearly (PROD. WENDIGO) (1.4x speed, 8d audio edit)	2021-05-10 03:23:03 UTC					1	119641	FR					true		2021-05-10 03:23:03 UTC	https://cf-media.sndcdn.com/RoygPpPCLZUw.128.mp3?Policy=eyJTdGF0ZW1lbnQiOlt7IlJlc291cmNlIjoiKjovL2NmLW1lZGlhLnNuZGNkbi5jb20vUm95Z1BwUENMWlV3LjEyOC5tcDMqIiwiQ29uZGl0aW9uIjp7IkRhdGVMZXNzVGhhbiI6eyJBV1M6RXBvY2hUaW1lIjoxNjk1Mzk4MDU5fX19XX0_&Signature=R7YOcWuSAWXi6k9IzbhwCfKd6B~sRbm4zwrpm3FSwIgmZigIeMINwSzpTA2O0hsafkSMFREOjGkMZLA-gPgQhqTNVmxhZgL1T84xd7RzdT-pA6ikp6hU2i99KLLkzm9laZZkJojSDZ3KFGIZm-wHG6TzQ~k6kitKIsOgIwRwPnbiBBQi1epgIS2tAuw9VdP5wZ6biaBvPJQBBgFBZG0JqMv8x5Eh2rn6MNLt11hWJtAd-zcAUq2ESX0hsfNnvwe0LWMDAEGo-qPqt61y~GWRsBQjH2p4yT0XIjWcps~xxYDnIAIGxPzMQNaEPWYN79W8WxC9XlQZhqqIuxG3tCaYEw__&Key-Pair-Id=APKAI6TU7MMXM5DG6EPQ
578817897	DREAMTHUG	http://soundcloud.com/dreamthug666/weeler-better-run-ft-kvrrvpt-prod-lj-saiko	true	weeler - better run ft kvrrvpt (Prod. lj & saiko) [DREAMTHUGEXCLUSIVE]	2019-02-21 04:55:52 UTC		QM8DG1947155			3	170411	FR	DREAMTHUG	dreamthug			true		2019-02-21 04:55:52 UTC	https://cf-media.sndcdn.com/5gpEuQxCjpvP.128.mp3?Policy=eyJTdGF0ZW1lbnQiOlt7IlJlc291cmNlIjoiKjovL2NmLW1lZGlhLnNuZGNkbi5jb20vNWdwRXVReENqcHZQLjEyOC5tcDMqIiwiQ29uZGl0aW9uIjp7IkRhdGVMZXNzVGhhbiI6eyJBV1M6RXBvY2hUaW1lIjoxNjk1Mzk5MjgxfX19XX0_&Signature=MzeDKagVaehZjpmXLgdYalg~ksJjGUeblFBe027ZIInE7gPjhDMdIEX9oyKYmPqUBBQ5BPntavw38AF4XsXD85wnJjwa41mCyAlGFDTjBYE-fcYb~ROTGAmNTljH5h~faneEEs3Uvo1OG~FjhzMQIOXPkDPZP-~Ff3zA-2ubFgEi0eAhyLSmBBwhKzXiGiRH84niJPTL3L4GNLWfLTmGcFGgobT1e9ab9Nuqfcc~h1s8VfWYz~GmCGzYMznNUeyYlZqTCW1P-g6pGv8~96ZGA1K0FdtBWPiIPLxsI6LIF-HzTnNrn4-6gLL-ddXzJA1rFoKg-J4CxhzND5L0dZoHdA__&Key-Pair-Id=APKAI6TU7MMXM5DG6EPQ
279772387	..VIKTOR..	http://soundcloud.com/viktormusique/viktor-golden-gate-berlin-july-2016	true	Viktor @ Golden Gate, Berlin. July 2016	2016-08-25 01:41:37 UTC					1	7114880	FR							2016-08-25 01:41:37 UTC	https://cf-media.sndcdn.com/PvFgpJbucayI.128.mp3?Policy=eyJTdGF0ZW1lbnQiOlt7IlJlc291cmNlIjoiKjovL2NmLW1lZGlhLnNuZGNkbi5jb20vUHZGZ3BKYnVjYXlJLjEyOC5tcDMqIiwiQ29uZGl0aW9uIjp7IkRhdGVMZXNzVGhhbiI6eyJBV1M6RXBvY2hUaW1lIjoxNjk1Mzk2NjA3fX19XX0_&Signature=SGXqoEEB7taasr55ikjB1Z9XREMNbtbfkl~IY6tec9KkTRxskgytRTfuVGjFyNfD6GqgCtbN0JZh3jj0MEhSZY4yH-Stc207qqr9~Van4Qw5JBG2QhRF6sKA3BD6JzyBaFEtEhaSkPawVO3qm-5GL0ieXhXmw9VhBqL06v8J-tG-rUq7PtzcE2FFgUGhseC597uPY6rM~L-RRuedRuIvH4AiOqeH~1lslhjO7dVjNHQNm2GYPnlIB7dSwvIbeKfXG1qCSlrm3brNIlzGcLude9WrXmfvafdl3dsLI5Uu0TGy-YhOGVDneDwG~~fV3ARSdz3~sGCilAO1s9N2QsmExw__&Key-Pair-Id=APKAI6TU7MMXM5DG6EPQ
855490309	Dj Oditiy	http://soundcloud.com/djoditiy/alhasas	true	BY DJ ODITIY ÿßŸÑÿ≠ÿ≥ÿßÿ≥ - ÿ≠ÿ≥ŸäŸÜ ÿßŸÑÿ¨ÿ≥ŸÖŸä	2020-07-10 09:55:58 UTC		QZJRB2100487	SNAPCHAT : ODITIY		3	219820	FR	SNAPCHAT : ODITIY	SNAPCHAT : ODITIY		SNAPCHAT : ODITIY	true		2020-07-10 09:55:58 UTC	https://cf-media.sndcdn.com/FFVrVCYwS9l6.128.mp3?Policy=eyJTdGF0ZW1lbnQiOlt7IlJlc291cmNlIjoiKjovL2NmLW1lZGlhLnNuZGNkbi5jb20vRkZWclZDWXdTOWw2LjEyOC5tcDMqIiwiQ29uZGl0aW9uIjp7IkRhdGVMZXNzVGhhbiI6eyJBV1M6RXBvY2hUaW1lIjoxNjk1Mzk4NzcwfX19XX0_&Signature=DZFMQ0gaqGWu83H0Lc~Z2FDj~p7YWiPF5Sf~cjtAY4zav4UPa87745ltMJ0VOWJO6vlUIojnfM98~LS67gJyZwBzrgxBgnY~hBDkKkHZ7ybINe1IBQbRHuJwBiPlDaj0oOvOT9k3qKldta4o1q7HsI6EQkFA5pYxvplk2VQlnImyfLU-ztL2Ur7OKki8V~JDybGBIRGby~sq0owMSVm8qHGedK5zrc-byPRsdajJork9C4jRrdk0H~Sa9k9X1f4ep20VB5SP0kbKs0eTHd3QE4NN1CIO~0KqsBmyeh8FXNdw6lihXof6f73U9i2zS7KfArGH2ZAppx0Kv~6yEN8How__&Key-Pair-Id=APKAI6TU7MMXM5DG6EPQ
313893021	Hannah Bah	http://soundcloud.com/user-935051727/endless-road-1	true	Endless Road	2017-03-22 18:47:40 UTC					1	319716	FR							2017-03-25 08:55:59 UTC	https://cf-media.sndcdn.com/OVusAkdSsEeU.128.mp3?Policy=eyJTdGF0ZW1lbnQiOlt7IlJlc291cmNlIjoiKjovL2NmLW1lZGlhLnNuZGNkbi5jb20vT1Z1c0FrZFNzRWVVLjEyOC5tcDMqIiwiQ29uZGl0aW9uIjp7IkRhdGVMZXNzVGhhbiI6eyJBV1M6RXBvY2hUaW1lIjoxNjk1Mzk5Nzc5fX19XX0_&Signature=SZzHb3ezr-IydoYRmbvOR28UhbX3yXfxYuPnseKseZpSzMAybP3w7JrVl~N8c3gJWx4mqxAXtwLVQgB76BjEvdtHnCzR7dLGJwREoYTnqy1~~YTitWpyx3T5yFc3IKdK2hpLrNyvlcMOZHgshzRSmnU~WhywzuNVhSCl5agXolU5YRehjKROvTspwihFp~uxNkPES1wsR2eNU-DyMBFUnW5~1xKQ7H2mMBhUx5wNbWES9Zm6A2asPwsZrtVjzJMZxz862oeRW-Zpi5nKVmYzUNI~Kj5HDmpSZJJgGxD4aJjcfTD9UFfgo~d55Jro46ypmEWMRyxj~JXquwwvavWDKA__&Key-Pair-Id=APKAI6TU7MMXM5DG6EPQ
1275979420	Almighty Lord Pitle Pen (Flohan the flex lord)	http://soundcloud.com/almightylordpitlepen/p3cn1xr-thugz-slowedverbedbased	true	P3cn1!xr Th!ugz (Slowed+Verbed+Based)	2022-05-27 01:22:51 UTC		QZH5E2245416			1	220500	FR	Almighty Lord Pitle Pen				true		2022-05-27 02:28:59 UTC	https://cf-media.sndcdn.com/GyLVa0cbtGqT.128.mp3?Policy=eyJTdGF0ZW1lbnQiOlt7IlJlc291cmNlIjoiKjovL2NmLW1lZGlhLnNuZGNkbi5jb20vR3lMVmEwY2J0R3FULjEyOC5tcDMqIiwiQ29uZGl0aW9uIjp7IkRhdGVMZXNzVGhhbiI6eyJBV1M6RXBvY2hUaW1lIjoxNjk1Mzk0OTYwfX19XX0_&Signature=JFeOSXwguVSZkYFmWzrozpjdSBpt2LLRfNKhg-4pWSz7r-6cxbUhUu~WPyQ7HRbnsFKzFKDQJzR0nRhGl~Bk-CXEyVgjZd0Js~sUKKSRr1nXhB45GsAI-JLPA3KNcOYO9BA588pkjcYiLpEKxLu4xw3OihGKnf46rjtAeyGTgRwCYeMSUOqkyxTypJ8HT4ARN8UsVkrW8qumtsUzLqZ32SHfw71ahOPtFFRWcdltXZ1EmQFhhJCQ6-TmTxwOgYndNr--3cJ8NhqHFnXgAm1NrILFBL5Hp9NyC~Ib~d7YNn-1JvVJRi5DrHswL3uKW47rybNKFQG4CkjSVZ-gRmhNjQ__&Key-Pair-Id=APKAI6TU7MMXM5DG6EPQ
932640196	ROCKERS MOVEMENT | AFRIKIN	http://soundcloud.com/rockersmovement/easy-chipping	true	Easy Chipping	2020-11-20 03:23:34 UTC					1	235102	FR					true		2020-11-20 03:23:34 UTC	https://cf-media.sndcdn.com/8M1sGa0JIH82.128.mp3?Policy=eyJTdGF0ZW1lbnQiOlt7IlJlc291cmNlIjoiKjovL2NmLW1lZGlhLnNuZGNkbi5jb20vOE0xc0dhMEpJSDgyLjEyOC5tcDMqIiwiQ29uZGl0aW9uIjp7IkRhdGVMZXNzVGhhbiI6eyJBV1M6RXBvY2hUaW1lIjoxNjk1Mzk2OTYyfX19XX0_&Signature=C6phdsCLWOnyB-Vl772RdUvXhIMKLjFW4RZgQxQSlJlvdX-w8dsVDSnx3dMhFCU07dYkNPydbqoyYpPDDze-WjSVf67TGMh5lovzz1xHU5XUF0nHBNalKtNp1wDn0i6J2syVtCu~3k2p0tTAXTYSQGtBZGEHotGXHqXPRMGMvozfs9CIoctdq9~QHU0SDxme4LzxkIiNweXoB8GA2Oz8lgnDxmjrd2RKe8JJg~G5qgdfXqUgkGqcj63HieKfmXFYx7pKVsSIhNPCQNIC7Z3OV0Ar62SEB2YrxNY2yORniaPJZO-OIJp~rAeM0ej5CZtGqv2BdwnWXONvSl2KgZhLpw__&Key-Pair-Id=APKAI6TU7MMXM5DG6EPQ
1039399492	osquinn (p4rkr) archive	http://soundcloud.com/1p4rkr/osquinn-p4rkr-serialkilled	false	osquinn / p4rkr - Serialkilled	2021-04-29 19:28:44 UTC					7	0	FR					true		2021-04-29 19:28:44 UTC	https://cf-media.sndcdn.com/9yM8idUFNMaq.128.mp3?Policy=eyJTdGF0ZW1lbnQiOlt7IlJlc291cmNlIjoiKjovL2NmLW1lZGlhLnNuZGNkbi5jb20vOXlNOGlkVUZOTWFxLjEyOC5tcDMqIiwiQ29uZGl0aW9uIjp7IkRhdGVMZXNzVGhhbiI6eyJBV1M6RXBvY2hUaW1lIjoxNjk1Mzk4NzY1fX19XX0_&Signature=ehd554HmBZvJBtAv7PCFhjBzDZBJf4TESfomOIMuYJI9i3E67Hot5BlBD2cyDLkkqpFSQtqJMw0nO4MlrA9DxQTcCN2vw4EbTTAq6ya6geApbledlWBN6CZKOZtdQdKK-9cUd0~1Fy2xdA3wBq~knsFBqCeUUkRM7lGCGmpInYbUgrP-S29orPks0q1bKUyKfG46YoI3SCrTvEDBdldFMU89y77IvwESoJ3nmy9xDBBA2SxRd22eQwE9-s5UxifMy~EKGuY2P~d2~1VP~WrK3jtZxXmHVBbEA2z96S9FH2Y8pOJnbcvwtHuz6AwsBrNGXQT1e1NAX83HU1lqjxBiiw__&Key-Pair-Id=APKAI6TU7MMXM5DG6EPQ
932645008	Joseeeph spencer	http://soundcloud.com/joseeeph-spencer/mata-pe-official-remix-1	true	Mata Pe (Official Remix)	2020-11-20 03:38:08 UTC					2	397087	FR	Strong Black Ft. Young Eiby, Ator Untela Y Murder			WWW.ELGENERO.COM - Mata Pe (Official Remix)	true		2020-11-20 03:38:08 UTC	https://cf-media.sndcdn.com/oDUPgzTPbEbE.128.mp3?Policy=eyJTdGF0ZW1lbnQiOlt7IlJlc291cmNlIjoiKjovL2NmLW1lZGlhLnNuZGNkbi5jb20vb0RVUGd6VFBiRWJFLjEyOC5tcDMqIiwiQ29uZGl0aW9uIjp7IkRhdGVMZXNzVGhhbiI6eyJBV1M6RXBvY2hUaW1lIjoxNjk1Mzk3NTUyfX19XX0_&Signature=OkYta8RplhhkAXt4X1wht2ZsVUjrqRSb86-XMrLH5jfVDai4ZEE7XppWr2700wWLJDSgo9JVFCNftjK2pwW~IHqHWTIbpT~PRviq35DyOSSATHxmwhR8v4jenSefpwCAP8OyqxIm~YyV~unWFa5GPlVCm5rU8D-tga-R5NGDVLDwRNmlVRl9CFwfSmI0rK2wnJHH9zeAmqPHIjWeLaDXcisa0alU1xVngzMPbHlUB-~ynXtWqKiP4s84VEfxA2QZbDDDJsYjk31hgHXpUDH1N5GV9Ot727iG24wqjdug6unIvn4gKI-eDJRD2dNcS5shu9Reef5IWJDZ5m71jbliNQ__&Key-Pair-Id=APKAI6TU7MMXM5DG6EPQ
576430149	Landon McNamara	http://soundcloud.com/landonnamara/make-things-right	true	Make Things Right	2019-02-16 17:58:45 UTC					13	238076	GB	Landon McNamara			Still Kickin	true		2019-02-16 17:58:45 UTC	https://cf-media.sndcdn.com/yvQ1tKvKC6oD.128.mp3?Policy=eyJTdGF0ZW1lbnQiOlt7IlJlc291cmNlIjoiKjovL2NmLW1lZGlhLnNuZGNkbi5jb20veXZRMXRLdktDNm9ELjEyOC5tcDMqIiwiQ29uZGl0aW9uIjp7IkRhdGVMZXNzVGhhbiI6eyJBV1M6RXBvY2hUaW1lIjoxNjk1Mzk0MzE4fX19XX0_&Signature=aMXdeQ2OmRD-JNyd7yJcXuuKB-Gln3v8e0rZSu4a7U7y3dyTY-oegVzndN8UQEJ41ZfEn54lJ6QMHXOPNEt7D~ebq0SajzxrIBdtsbFc3dANVdKU72X0YFZKCsrNms3WYt~84CXTjI9OlzHfceTCZYFMsfOgu7VJEybl4RC68q6CCEbAO6ENILfGOb6SZ7nV8U~7V-pm685RBrhLgSZUCTS~3Q4xlXVtwlamRjPD0LVz5HEaTOiVfKC2D32AYtcaq8FaPqr9HRQ9IY3eMQgw4Cmtve9EjgeJZunz9u7Uh0IiqbpiVOs0j3HpvU2E5NxWsumsXj4jvbCGigc7c5zDHg__&Key-Pair-Id=APKAI6TU7MMXM5DG6EPQ
935829880	LOBBY SCOUT	http://soundcloud.com/lobby_scout/fausse-note-non	true	fausse note non	2020-11-25 14:06:45 UTC					1	39210	GB					true		2020-11-25 14:06:45 UTC	https://cf-media.sndcdn.com/pGax4lMBxjMv.128.mp3?Policy=eyJTdGF0ZW1lbnQiOlt7IlJlc291cmNlIjoiKjovL2NmLW1lZGlhLnNuZGNkbi5jb20vcEdheDRsTUJ4ak12LjEyOC5tcDMqIiwiQ29uZGl0aW9uIjp7IkRhdGVMZXNzVGhhbiI6eyJBV1M6RXBvY2hUaW1lIjoxNjk1MzkzNzU2fX19XX0_&Signature=D0Td5YbLAVAUB8HNBBL7Ld-rb9hEOTYox9dPaDQE1oG9pNiFoBbov5ubnSa9zmhy5mBmoC39g9Vnc4Xk2qB2rry9Z-cNWBh9Kxtstyw6TE46dgb01njfjgDyIAduK2O0a~nyf18ccfvf8fZpVwiZRWcrlpWYq0hJ3ICD1a2yCij79thBnqr3~uJzr-nWjPEVu7iTXLZ3PZcBF-8EnkgKqpO4XaFvKI-s3Hw4kTfdjoHv7uZMjEGTguuNlIi4-UwEj4viZk9s5~WEXyp80oien~Uppd2AGhF4yEkvfAca~2136H6UGpUQ~l3VHfOVeHhOW1Ty0M9-zzz0Whs1tlUoRw__&Key-Pair-Id=APKAI6TU7MMXM5DG6EPQ
935913859	LAURA AMOS	http://soundcloud.com/user-828929086/genius	false	GENIUS (Pop Ballad)	2020-11-25 16:52:13 UTC					1	199811	GB					true			https://cf-media.sndcdn.com/7UJUNSlvr6tV.128.mp3?Policy=eyJTdGF0ZW1lbnQiOlt7IlJlc291cmNlIjoiKjovL2NmLW1lZGlhLnNuZGNkbi5jb20vN1VKVU5TbHZyNnRWLjEyOC5tcDMqIiwiQ29uZGl0aW9uIjp7IkRhdGVMZXNzVGhhbiI6eyJBV1M6RXBvY2hUaW1lIjoxNjk1Mzk1NzM1fX19XX0_&Signature=Av2BwpgpQbnXKOntyAFLWfDjnz8Xm7NlPoKVqealwyswrXFPrxb~2TGqDucjQTbkgnxFPRK1AQ0nrehTVwqhgjah185Cy3m8NPRffLdawZYyR~tz5rztW5oBXcvO2Jyza2g9rMJoSSn7DjV0Ur0BnLEmr-oXwT0toUD9QP-rqT7Znr-O3lim37NeZaY~vDLRhrOl7204QPSao8QlYQ4v3kjnTjrzWgewEub-xcdseGRduBrMnUGeuPjomKiLVWFYoSpJ6W0vJOityFFgUyIt99aS7kmW84UIpwvZDJzEmgOrkQbt0yi9kOwE76byd2Ym4C3eSf0DjG3FpmI0BeuysA__&Key-Pair-Id=APKAI6TU7MMXM5DG6EPQ
1276008931	808kartel	http://soundcloud.com/djflippp/emotions-ft-buc-adam-hosted-by-dj-flippp	true	Emotions Ft. Buc Adam Hosted By Dj Flippp	2022-05-27 02:37:46 UTC		QZS652219933			1	179017	GB	Patrick Robinson				true		2022-05-27 07:01:00 UTC	https://cf-media.sndcdn.com/Pa0UdlcFSVGS.128.mp3?Policy=eyJTdGF0ZW1lbnQiOlt7IlJlc291cmNlIjoiKjovL2NmLW1lZGlhLnNuZGNkbi5jb20vUGEwVWRsY0ZTVkdTLjEyOC5tcDMqIiwiQ29uZGl0aW9uIjp7IkRhdGVMZXNzVGhhbiI6eyJBV1M6RXBvY2hUaW1lIjoxNjk1Mzk3MTQyfX19XX0_&Signature=PNgpojB7K3JEl5EregovS-907XGT8qdWf1T8vbKPmK5dWlabcxVl-SgGJGN4HVQQuFtVZrJa3XtZVuWhAn7QoDkY2NgTEcL0DTul~IpPcXUbv8qshC0hOEkciaRlCA4DL8EA1m1lFJXk6eWjBUwGg-lMsymCutAsmDZZN9nibRBPnTejhkJ3nYjI2Y5nmrF6f6gJgL8SVixmyaSOgH3sSiEmER26kjJlrwH8QMhiCKiwrirrSHpkXDrxU-EQX1C1VVm~rcUY2d3ad9caiZ4IIpz1d64KqRDaf0p7UaM6SaZQWzuHQsQ8GTjwuDbhRtFgn7syp72h~EWK37ESsO10kQ__&Key-Pair-Id=APKAI6TU7MMXM5DG6EPQ
577844232	Hospital Records	http://soundcloud.com/hospitalrecords/bou-x-unglued-ascendant-man	true	Bou x Unglued - Ascendant Man	2019-02-19 12:22:50 UTC		GBCJY1800262	Hospital Records		1153	150218	GB	Bou x Unglued	Songs In The Key Of Knife		Sick Music 2019	true		2019-02-22 14:00:15 UTC	https://cf-media.sndcdn.com/9TsX20aJfcRj.128.mp3?Policy=eyJTdGF0ZW1lbnQiOlt7IlJlc291cmNlIjoiKjovL2NmLW1lZGlhLnNuZGNkbi5jb20vOVRzWDIwYUpmY1JqLjEyOC5tcDMqIiwiQ29uZGl0aW9uIjp7IkRhdGVMZXNzVGhhbiI6eyJBV1M6RXBvY2hUaW1lIjoxNjk1Mzk4NDE0fX19XX0_&Signature=OV4nfhCiHtiVBFNM4kI0cn-PaUDjVFCYO6nnPDNpm0WxmJvC6ya7M5wrUpPw6VW7FJLQFUsFGxNSepYwBqA3MVwmrjJ2d136CpSHZ7dO2bDq0OyV0UuqgIBWIT1a~GiYBP0iexlaCiXkYeCsUJltDXiNSfy7GAvG7ah5tdz1izJB9JNjxEe8hA2MAM5jyxE8g5PKrj86zF-Y3NGqaEPvhO-67Igp5WttUVeVxJIRb8qPr-kn8Xj~Mvr-hqD0E~EFWKVX~B7mBFk-NWiHBiv9qPCe2QNhCAt-zJuG6CFvRZKuLvjF~1vNMaf5PzqC0~uF~nlukg--8tztwzYfdXt5LQ__&Key-Pair-Id=APKAI6TU7MMXM5DG6EPQ
1276023664	aidne	http://soundcloud.com/user-560407495/rugrats-ftsmog	true	rugrats (ft.–°–º–æ–≥)	2022-05-27 03:07:26 UTC					1	200098	GB					true		2022-05-27 03:07:26 UTC	https://cf-media.sndcdn.com/vEfj2i1HCwSY.128.mp3?Policy=eyJTdGF0ZW1lbnQiOlt7IlJlc291cmNlIjoiKjovL2NmLW1lZGlhLnNuZGNkbi5jb20vdkVmajJpMUhDd1NZLjEyOC5tcDMqIiwiQ29uZGl0aW9uIjp7IkRhdGVMZXNzVGhhbiI6eyJBV1M6RXBvY2hUaW1lIjoxNjk1Mzk3OTg4fX19XX0_&Signature=JtLveeJOB37vGXk2sBVWAF~zDtrdoJd6abdcdsRAawGaBsTHPyfin0BMkHFvuc5qdFic7EKcPxZeCdb-F0UNnbsJZ6kTdz978neI6xuZ3F55WT4tZgFHW-g6WywJI85rYN5Af70jaSXMCkjXy5jTc0aNpGS5UjZOoJExUL9VsvuWtd~f8Fc0uc5NIYhqwUPtRhUFyYGwbg1phEMHju03AajWOwSrl00IpT9Yufl0wliSBophQPk9~j-qlJkAXSGJmyNIhSpmJA8anStYEHLeSQdUYzKL9sxOqsGX4eMytf6NrhcmoUyhVkijkALJEkJfiyTsuHS4xU7lYVyXGyrfvA__&Key-Pair-Id=APKAI6TU7MMXM5DG6EPQ
314078196	Roughstate	http://soundcloud.com/roughstatemusic/b-front-andy-svge-beat-the-darkness-album-preview	true	B-Front & ANDY SVGE - Beat the Darkness [OUT NOW]	2017-03-23 12:25:26 UTC					2	120069	GB							2017-03-23 16:59:36 UTC	https://cf-media.sndcdn.com/Ij3RLCiId8Wr.128.mp3?Policy=eyJTdGF0ZW1lbnQiOlt7IlJlc291cmNlIjoiKjovL2NmLW1lZGlhLnNuZGNkbi5jb20vSWozUkxDaUlkOFdyLjEyOC5tcDMqIiwiQ29uZGl0aW9uIjp7IkRhdGVMZXNzVGhhbiI6eyJBV1M6RXBvY2hUaW1lIjoxNjk1Mzk1NzY4fX19XX0_&Signature=DQPWycxAWAr6nY~E~N011k9JZW5dCD8xuIUe6UZvimOCPFDQ5RAqCF4o8fSxDBF0Oj3CPbuuCBMYpAFKzLSZCZylWXG7ldKwfVZp4cMFi86rthQi5Vh2nryPxhZpVKl~-W0rYZWpG~-oYJ9ykcKiNcKzGw2QH1PCbcO7Cch-G5cxIxY1umPxBhUv2oNPIQZpa0E4j-yvQUMr2AVfwBKitvQEEV5y6A~HW57oRR0Z4oLTLPwxa5EsklCD04qTH64eBOUnuL5EtiAWUAHOKEKjRdFqrayifVVdA22~jTHvgfw7Zz0M~OQUsn6hEiown-0CIVCuwg2-WbeJi7GE1GNxAA__&Key-Pair-Id=APKAI6TU7MMXM5DG6EPQ
1083950119	Tally Hall	http://soundcloud.com/tallyhallvevo/who-you-are-tally-hall	false	Who You Are (Tally Hall)	2021-07-08 15:31:44 UTC					73	0	GB					true		2021-07-08 15:31:44 UTC	https://cf-media.sndcdn.com/qZwcChKnMLtA.128.mp3?Policy=eyJTdGF0ZW1lbnQiOlt7IlJlc291cmNlIjoiKjovL2NmLW1lZGlhLnNuZGNkbi5jb20vcVp3Y0NoS25NTHRBLjEyOC5tcDMqIiwiQ29uZGl0aW9uIjp7IkRhdGVMZXNzVGhhbiI6eyJBV1M6RXBvY2hUaW1lIjoxNjk1Mzk2NTg5fX19XX0_&Signature=L5x~bPriM9rkJUv9OmziSSahTiVzzPWxGrNBckxYxvPGbth23shrxCLfE~mSzndnRxl7CDeS-hVcZJPbYmUPayceNWYa~tI9u0ypypY3Iy26Qy9F9kdjuOyUtrCU5RRiafIrgu-2AQDNIJKRV1pn66Jm04VHSnAJGIKuhwSdiGB1cHTWaFXLpCKpxQGQyfwpt6x1hW-LT0g6IxZsfxBWCgRExZvsSMgRp7oph3~t5TMyqlFAf3pQS-SEJrIpc0QXXoUH2kUeAqa1sDCoeQWkC4-0gRVsXnFQbkZXioV04lvepG6Pg69GDRfLSJA8JNRHEfG0rkxMh177I-HOoA-toQ__&Key-Pair-Id=APKAI6TU7MMXM5DG6EPQ
1101824392	mixes2021	http://soundcloud.com/user-46948122/socaa-2021	true	socaa 2021	2021-08-07 10:37:15 UTC					12	1184888	GB					true		2021-08-07 10:37:15 UTC	https://cf-media.sndcdn.com/XtNYcBJKe5J3.128.mp3?Policy=eyJTdGF0ZW1lbnQiOlt7IlJlc291cmNlIjoiKjovL2NmLW1lZGlhLnNuZGNkbi5jb20vWHROWWNCSktlNUozLjEyOC5tcDMqIiwiQ29uZGl0aW9uIjp7IkRhdGVMZXNzVGhhbiI6eyJBV1M6RXBvY2hUaW1lIjoxNjk1Mzk0ODEzfX19XX0_&Signature=Is~rl0R-RYF4IGXhkCywqBb2EWMq~MnpEsIm4SXvdTbkIBHgQJPlmZF06~zWARVxgToT10bbWkP2Y6jDa4Pmzlot3gHltbfklToCgdQ8KLwk6r~sHV-K5GUrH~7xNJHGA9mbMnDzhVs-n9AAtsEg3OC2f9NV84L-fpZIiGFlLAj4yKoiUkc9Z-~D9xrg-KcpmmJN~r78rhFSmEJEgBtelzzX0SB6MaDIgAke1GgMwt5nWv~w0SQ0sUU2LIm2SYMCZq6dRqWmbYjbFmuWDxPLCxpdJ9thWoQWc~6ZW9MuoFBoptqOrYJaHjkBuPl4Kx-D-vz-AQvQT6ofnjOOWkWrzg__&Key-Pair-Id=APKAI6TU7MMXM5DG6EPQ
260389918	TRad	http://soundcloud.com/officialtrad/virture-prod-trad	true	Virtue (Prod. TRad)[SOLD]	2016-04-22 19:02:55 UTC					2	220389	GB							2016-04-22 19:02:55 UTC	https://cf-media.sndcdn.com/6hDeoh40gKIE.128.mp3?Policy=eyJTdGF0ZW1lbnQiOlt7IlJlc291cmNlIjoiKjovL2NmLW1lZGlhLnNuZGNkbi5jb20vNmhEZW9oNDBnS0lFLjEyOC5tcDMqIiwiQ29uZGl0aW9uIjp7IkRhdGVMZXNzVGhhbiI6eyJBV1M6RXBvY2hUaW1lIjoxNjk1Mzk5NTk1fX19XX0_&Signature=Z4YxzEQmni9qsXVR2o3-75VN2nJjJqKXPbSGlCRrynyg7WuR0zi1IYiigX0gIuawTo3tkAfmOfcPxrjHv1cafU5QXjTl2qiXVpmuPOIi32wLF9OQMo0dvjncBepVBIDrYXg2yAqW5QPOdG-fGotHuTYfAEHLngzm1QnwqA~SLotMVVV6-zB2lCNJysNTa7fajzFrFcyJ4BFmXiKIzFLmPz35--RcIuWq-U0zE2H0AqyqV3dT-u5AUCS9x8K82Bpqr836I2~q8rPv13MKTxlanEFm24iMeeh0VgY~DUIOEngdtrvybJM8p8ruMLtL4yOP0~gpU-V-r5puBRzmFn42xQ__&Key-Pair-Id=APKAI6TU7MMXM5DG6EPQ
234102112	Your EDM's Collection	http://soundcloud.com/your-edms-collection/elephante-youredm-mix-111815	true	Your EDM Mix with Elephante - Volume 36	2015-11-21 19:27:50 UTC					11	3603537	GB							2015-11-21 19:27:50 UTC	https://cf-media.sndcdn.com/tXHtFf1pGrgx.128.mp3?Policy=eyJTdGF0ZW1lbnQiOlt7IlJlc291cmNlIjoiKjovL2NmLW1lZGlhLnNuZGNkbi5jb20vdFhIdEZmMXBHcmd4LjEyOC5tcDMqIiwiQ29uZGl0aW9uIjp7IkRhdGVMZXNzVGhhbiI6eyJBV1M6RXBvY2hUaW1lIjoxNjk1Mzk1ODkxfX19XX0_&Signature=B-YmJj-5ktIOj41k3iRcPRXNKB0G61QMfuyzrahAlwK4zn70HvYfbfavoMpm547EhUBNm26gzHhB5hid2rXYbJLaazO2zyNanGTIWCeFZsI7nrTf4TU1zobQ439x1Z2QE9Rh~uarzDFzb~-xUo2~vSJlSoC23h7FOYD5Nu5yQbWM07M-Jsa23zxa8pKHb1NXr9P4dZ~2lh8~xDdqiBFVDNx8GS1pDG8Aiqn8gO~7zU0yrIpNPr1r4thMItc1g4qfTbAcWo7ga1f~e9OJNS8WRGKE4bR7e45-fQctkVAqEvdFfEtrwdltKqYbTqAdiQq7ZKjRukUdOOxUF5OkZ-EAbw__&Key-Pair-Id=APKAI6TU7MMXM5DG6EPQ
769443835	Linh Nhi‚≠ê‚ú™	http://soundcloud.com/tien-do-83983570/ntbn-chiec-khan-gio-am-2020-kim-binh-remix-full-version	true	NTBN - Chiec Khan Gio Am 2020 - Kim Binh Remix [Full Version]	2020-03-02 12:47:40 UTC					13	278335	GB					true		2020-03-02 12:47:40 UTC	https://cf-media.sndcdn.com/JnfKiGfmT5hF.128.mp3?Policy=eyJTdGF0ZW1lbnQiOlt7IlJlc291cmNlIjoiKjovL2NmLW1lZGlhLnNuZGNkbi5jb20vSm5mS2lHZm1UNWhGLjEyOC5tcDMqIiwiQ29uZGl0aW9uIjp7IkRhdGVMZXNzVGhhbiI6eyJBV1M6RXBvY2hUaW1lIjoxNjk1Mzk2NTA1fX19XX0_&Signature=DjCq5S~FjsszEzyX~da-ygTLwl8Z3XHziRuJ5SyViaQY7dHP~lRmMQ31mpyXEWyodWaEpq11OXNSeaqLchtUPcYYD3Qd5GlboHZczG8mLa31HZEMdvDBEpj2geOQSuqv~AqmW0MVVbhv7JC8ybMP-qAjh35RrchQ9I01zS9bvj5l~nP7I74wTEC9eWy6tyEnWktYk7sARYUDXj7ydCMY9xZwGGcH8zcj1t~SIRLELo8TdDoZ4T4hVQVh1jGazGHl2KLJ84-Fmm2qK7C4fMbqHruaEtetGo-~pMipd0Uks1e3IeSQP4R3PQkrtnalvUxLkhWfRnpsmZ6CVdQ2HUu1ag__&Key-Pair-Id=APKAI6TU7MMXM5DG6EPQ
1081088893	JayIsFed ‚õπüèΩ‚Äç‚ôÇÔ∏è	http://soundcloud.com/ayheroducer/jayisfed-huh-jerseyclub	true	"@jayisfed ""huh"" #jerseyclub"	2021-07-04 03:02:30 UTC		QZHPJ2180964			1	119327	GI	JayIsFed	JayIsFed			true		2021-07-13 17:05:29 UTC	https://cf-media.sndcdn.com/6ZXBqqFMrmLO.128.mp3?Policy=eyJTdGF0ZW1lbnQiOlt7IlJlc291cmNlIjoiKjovL2NmLW1lZGlhLnNuZGNkbi5jb20vNlpYQnFxRk1ybUxPLjEyOC5tcDMqIiwiQ29uZGl0aW9uIjp7IkRhdGVMZXNzVGhhbiI6eyJBV1M6RXBvY2hUaW1lIjoxNjk1NDAwOTE2fX19XX0_&Signature=Ll8nL5PQtkc2A4g00GfadyynTgFXLjartj-xFQD~gD9boqw86NsmlMFp3adsdLoDDAoWojeGcRJFrZ0gPn~xaFcSIhRaFVM-Cfo8SSL2MyRMcxmCB5Dta01V2KHNib3DuDjB5UtNwwibf49rw90XvmqRLgTRWwTJpmQNmm1MMkw07sD56Z6AM3MGasTlPuy~2gcdMOF-ErsBLKFOL34xoMa5DVvf0~00oLy5RAzmDnKyVuUNnT0Rx7nddDQwLWXQhlVdW2WnGL3fTcEcUedd3mYf~auklIPUHFmXYrGamQ7vdgd9noAYSdt6N5uGYafwaw4gNMCVGSzL9oR5peYqIw__&Key-Pair-Id=APKAI6TU7MMXM5DG6EPQ
1178485807	anistonaudios	http://soundcloud.com/anistonaudios/viva-la-vida	false	viva la vida	2021-12-15 20:11:25 UTC					1	0	GR					true		2021-12-15 20:11:25 UTC	https://cf-media.sndcdn.com/o9flftCHFeBk.128.mp3?Policy=eyJTdGF0ZW1lbnQiOlt7IlJlc291cmNlIjoiKjovL2NmLW1lZGlhLnNuZGNkbi5jb20vbzlmbGZ0Q0hGZUJrLjEyOC5tcDMqIiwiQ29uZGl0aW9uIjp7IkRhdGVMZXNzVGhhbiI6eyJBV1M6RXBvY2hUaW1lIjoxNjk1Mzk3MjA1fX19XX0_&Signature=MznniO~p4YHkEROjSWUOfO1tdjSFNrikUnCSO3ufXMNUWUs4aaDns4XzRhIZKRSb9tQ4TCHrcc5jwnlWpWGRpN5yjeyeLPjG497-QLuBs4lGS5I9PUQdHDxLMH1IVMnKmmE13~fslxRTJeXN7vApVqG2Um46als1jJTabZs3dzgDo-e95Fz-I1r-lnKQ5O0Dy4Xinj91tsQwzWCYxYQRW7Y-g7lMh~ewXdtKPdWcjYI2pNDZL--6aD9vJMJENY74Es4SVMIGlPyhlROgQP5hSMmbLRPxYR32ht-NBXAmw1F59eALXrpVZusJyI~oCQ6FzkPsyEhhm6z9XVZUxumZpQ__&Key-Pair-Id=APKAI6TU7MMXM5DG6EPQ
1276118251	WhoMadeWho	http://soundcloud.com/whomadewho/whomadewho-ojo-de-agua	true	WhoMadeWho - Ojo De Agua	2022-05-27 07:20:09 UTC			Embassy One		7	30041	GR	WhoMadeWho				true		2022-05-27 07:20:09 UTC	https://cf-media.sndcdn.com/BcBn4BIzsuIC.128.mp3?Policy=eyJTdGF0ZW1lbnQiOlt7IlJlc291cmNlIjoiKjovL2NmLW1lZGlhLnNuZGNkbi5jb20vQmNCbjRCSXpzdUlDLjEyOC5tcDMqIiwiQ29uZGl0aW9uIjp7IkRhdGVMZXNzVGhhbiI6eyJBV1M6RXBvY2hUaW1lIjoxNjk1NDAwMDIwfX19XX0_&Signature=EZU~6DIQ5omW-vEQL71oRa4pjhmlePsnRaPAqEgMquarEpA0EAQszwi~o7u1GKvTxnbEr9k6~iVXWx2EynTJR8xe9V9q4SsYcFecNTSfJB9z9y1P9M0mczV4RjuLDueEj6E0KsNArBn2zg14swB9NCK7xCd7xTdNT4~f35yCB3b8YrqjLwbWbrvhuN6kTjcb433K7aiL8~EO8PDEmogUcf-cY-xP3q9365RgpDdZTJ8JB~BJxDaCFi9NxqV-5-5D7WG0n~wsTU-2vN75lSfwPxRq6ID5inNQZAJmm0vxizl3ZaZHDZm4kPARYnk-MyxIIFkgpCL~WzaQFmpRBjcKmw__&Key-Pair-Id=APKAI6TU7MMXM5DG6EPQ
1276103383	James Lucas	http://soundcloud.com/itsjameslucas/justin-timberlake-sexy-back-james-lucas-remix	true	Justin Timberlake - Sexy Back (James Lucas Remix)	2022-05-27 06:40:07 UTC					20	155272	HR					true		2022-05-27 06:40:07 UTC	https://cf-media.sndcdn.com/Rr77xCuR73fr.128.mp3?Policy=eyJTdGF0ZW1lbnQiOlt7IlJlc291cmNlIjoiKjovL2NmLW1lZGlhLnNuZGNkbi5jb20vUnI3N3hDdVI3M2ZyLjEyOC5tcDMqIiwiQ29uZGl0aW9uIjp7IkRhdGVMZXNzVGhhbiI6eyJBV1M6RXBvY2hUaW1lIjoxNjk1Mzk0ODMwfX19XX0_&Signature=VP1rnBc9K6m-~8DJBpVNNceMIDuqlVZBohQ1ZJ5-qV-n9p9IutpZOppmxr4iHbLd1e9izAeG3X~~orU25AujGF5OUsdX6KhdG6NCZedyZ6rJ0AO8~h9gm6ulOVKVbQhvEoDFSgQ5H0G5Oy1jIKaEGdp2Du3Zz3GrR7jW-mGfGUwDPbrMfJ4uYLvfqidUxzIdP4u7vrkY44WR2YLnu2b5oMV3r8Lgy7M9qA5OzDsANtVdWYXJ4PsnhvImNxo4O0Se-f67qCTOaPunO~yVNtl-f~C5GEEhGgCLYsRzfCoGcRVeuF~S8JVnW7pJX3hpg-pufgSlfYmBIdrGT2XrFtI23g__&Key-Pair-Id=APKAI6TU7MMXM5DG6EPQ
286316065	Endless Illusion	http://soundcloud.com/endless-illusion/b2-zarkoff-eternity	true	A2 Zarkoff - Pioneers	2016-10-06 13:58:14 UTC					1	170072	HR							2016-10-06 13:58:14 UTC	https://cf-media.sndcdn.com/WUy3Lsa6MEkn.128.mp3?Policy=eyJTdGF0ZW1lbnQiOlt7IlJlc291cmNlIjoiKjovL2NmLW1lZGlhLnNuZGNkbi5jb20vV1V5M0xzYTZNRWtuLjEyOC5tcDMqIiwiQ29uZGl0aW9uIjp7IkRhdGVMZXNzVGhhbiI6eyJBV1M6RXBvY2hUaW1lIjoxNjk1MzkzNTUyfX19XX0_&Signature=S9I22OzsKeWoJo-wfR1WPp7rGenPeYtBAPBPviJ6lPrZq5tqFCN-WApKdkYolbHM8Q0V94MhiFxzA5xqjtgF9pf5xyN0mtRUHuEi2cT7S0q2-V6fdHuXtyNq-b-PzEZrLIMJ8uyfWzwOCI~kvfOHxuBGEp~PsAQ4ArJXGQGvcjDPYjdNKn6suQVm2zj8s8~OVZGpeS3gdC~g5XUtghdC5nbPTktqdaYJtsb3Jcx1jv1NlK2XcB4MokZHzOiGokK8Ns4ilvXWFfs-EquxOj2TjgKxOHmZ4qoXA~z0VUskXl1jgUr4vuAZSLjOVRNBy9Z0pZxBnmNInE-6qipnVPKlbg__&Key-Pair-Id=APKAI6TU7MMXM5DG6EPQ
296397443	DALA	http://soundcloud.com/daladubstep/here-it-is	true	DALA - HERE IT IS	2016-12-05 20:35:17 UTC		QZHPJ1982081			1	61837	HR	DALA				true		2016-12-05 20:35:17 UTC	https://cf-media.sndcdn.com/j92Hw6Nzo7Ue.128.mp3?Policy=eyJTdGF0ZW1lbnQiOlt7IlJlc291cmNlIjoiKjovL2NmLW1lZGlhLnNuZGNkbi5jb20vajkySHc2TnpvN1VlLjEyOC5tcDMqIiwiQ29uZGl0aW9uIjp7IkRhdGVMZXNzVGhhbiI6eyJBV1M6RXBvY2hUaW1lIjoxNjk1MzkzMzYyfX19XX0_&Signature=U~DJG-cSrIvDYIt7hUbNBRMJjxkJwxaLpL-TZmLctCyoyYgx148LYi1Kj43U1qKCLhP5d31D4tzrNTCPJoR0uG--vszd15c-Wr9tSvVzc~timo8PGcdbKS0grZIti8gr5q1-h7bzqhuXIc7V-B0EqWU-6suSrx-aICkGOjkcCN8RpF5VHTBu-j8~fFA6ZDnx1tZEPhT7dFrsyrNjB7gLJsw2xBqydC0HMAzDvsXXx407WwE8aaaxo4UHpv02s~0aC7CI7-O~vcmQBQQISCTyKR0EuogEaC9l2R58-y6jCslM9-y8rwpgsXMaWi6c3dg0vfFzDdFB6sKdRildpuycdQ__&Key-Pair-Id=APKAI6TU7MMXM5DG6EPQ
313879679	Cryo Chamber	http://soundcloud.com/cryo-chamber/northumbria-sunstone	true	Northumbria - Sunstone	2017-03-22 18:18:17 UTC		QZF8N1803797	Cryo Chamber		1	248578	HU	Cryo Chamber			Markland	true		2017-03-22 18:18:17 UTC	https://cf-media.sndcdn.com/PN744W8gGfWk.128.mp3?Policy=eyJTdGF0ZW1lbnQiOlt7IlJlc291cmNlIjoiKjovL2NmLW1lZGlhLnNuZGNkbi5jb20vUE43NDRXOGdHZldrLjEyOC5tcDMqIiwiQ29uZGl0aW9uIjp7IkRhdGVMZXNzVGhhbiI6eyJBV1M6RXBvY2hUaW1lIjoxNjk1NDAxMDk3fX19XX0_&Signature=OvOWZAyKrzUtpa7wl2S4alY88A08SRLBRSf80tSU3Sal-PbAeluOtzucVUi9VWssqL4Ab~GZipoKrCS8u467fCsCL-7hZMNNR0UryR1SuybXfQsq92O2HLQbrFM4M1z2NaKYJ~-moo9xv6cNdmAf0ucdAdsJPeIOUe1QU5xkKFpv~yvW8XyW6FbqEJaZAIKBEaukCKwigdImzaPk-t2QijLw3f5pb77wi0HkMo1JdYYIrNQ~vHoEHn6vYjSdTB7nXCaWMa5o9wpbs9EC8Z1DMNT4THCS4dc1fsKqZ7VJUbZH~zWq4-CUZxRpRTEXzJ14bDUR-z7EkJH5ANBtoeQCBA__&Key-Pair-Id=APKAI6TU7MMXM5DG6EPQ
1276097323	LAZYbit04	http://soundcloud.com/lazy-04/remiks-na-budushchiy-trek-dipinsa-lazybit04	true	–î–∏–ø–∏–Ω—Å 2022 [Remix LAZYbit04]	2022-05-27 06:23:51 UTC					23	129750	HU					true		2022-05-27 06:23:51 UTC	https://cf-media.sndcdn.com/bIU0Mq7wHt8e.128.mp3?Policy=eyJTdGF0ZW1lbnQiOlt7IlJlc291cmNlIjoiKjovL2NmLW1lZGlhLnNuZGNkbi5jb20vYklVME1xN3dIdDhlLjEyOC5tcDMqIiwiQ29uZGl0aW9uIjp7IkRhdGVMZXNzVGhhbiI6eyJBV1M6RXBvY2hUaW1lIjoxNjk1NDAxMzQ4fX19XX0_&Signature=C3tM84gp6jZR337cgCW5uUhEjDIUkIG2Uufp~VUPTf-WR4pikRtngmjN-Verhs7KIKlJPCvBmu9VX~uHV6HS-PxOLXVZl5Nx7mMkStAHMGOerxARIVLL7Pcfl-JKTs~uXpnoq7C9ZZ822DEUBcsxuBwl9lHFsGBiF8Fc9THH-XPIjzvZpRD7E58M5VhV~zWEJTJCmdfO7aAN4NiSWYAp-YK9IXHil~zsYRboerKejjb-9JDI2Pwpqu6~XkEQ~0P7R-VaIPB0GR7B~Q9Rz80SEEPuYK6R1sWLVpgdDzb761xhVbK~0EZBbah18OxAOko7s9PZDpHdW1nzjQf69XdXuA__&Key-Pair-Id=APKAI6TU7MMXM5DG6EPQ
